id,sex,age,city,country,friend_count,followers_count,pages,groups,posts_last_year,posts_likes,photos_last_year,photo_likes
805767689,2,66,151,1,2,0,1,2,1,0,3,0
805730646,2,70,151,1,0,0,0,0,0,0,1,0
805717829,2,64,151,1,0,0,0,0,0,0,0,0
805664511,2,78,151,1,7,0,0,1,0,0,0,0
805633430,2,84,151,1,0,0,0,0,0,0,0,0
805619145,2,63,151,1,0,3,0,0,0,0,0,0
805555393,2,66,151,1,0,0,0,1,1,0,1,0
805538876,2,61,151,1,0,0,0,0,0,0,0,0
805523611,2,70,151,1,0,0,0,0,1,0,2,0
805507045,2,67,151,1,0,0,0,0,0,0,0,0
805491544,2,62,151,1,0,2,0,0,0,0,0,0
805490592,2,65,151,1,8,0,0,2,17,7,1,0
805489865,2,66,151,1,1,2,1,5,1,0,1,0
805466852,2,64,151,1,0,0,0,0,0,0,0,0
805443844,2,71,151,1,0,0,1,1,0,0,0,0
805388514,2,57,151,1,0,0,7,7,1,0,1,0
805357254,2,60,151,1,0,1,0,0,0,0,0,0
805184473,2,78,151,1,0,0,0,0,0,0,0,0
805163154,2,76,151,1,0,0,0,0,0,0,0,0
805054762,2,60,151,1,0,0,0,0,0,0,0,0
805048319,2,100,151,1,0,0,12,16,1,0,1,0
805009381,2,56,151,1,0,0,0,0,1,0,1,0
804981429,2,72,151,1,6,10,0,0,0,0,2,7
804945303,2,60,151,1,0,0,0,0,0,0,0,0
804905614,2,73,151,1,0,0,0,0,0,0,0,0
804864446,2,77,151,1,1,0,0,0,0,0,0,0
804821668,2,68,151,1,0,5,0,0,0,0,0,0
804742484,2,62,151,1,0,2,0,0,1,1,1,1
804651018,2,77,151,1,0,0,2,3,0,0,0,0
804587676,2,55,151,1,0,0,1,1,1,0,1,0
804583394,2,83,151,1,0,0,1,1,1,0,0,0
804485196,2,57,151,1,14,2,15,18,66,4,1,2
804477377,2,66,151,1,0,0,0,0,0,0,0,0
804444860,2,61,151,1,0,0,0,0,0,0,0,0
804444041,2,71,151,1,1,0,0,0,0,0,0,0
804363646,2,60,151,1,0,3,0,0,0,0,0,0
804241075,2,78,151,1,21,0,0,0,1,11,1,11
804188643,2,63,151,1,0,0,0,0,0,0,0,0
804159249,2,77,151,1,0,0,0,0,0,0,0,0
804135161,2,63,151,1,1,0,0,0,0,0,0,0
804062640,2,67,151,1,0,0,0,0,0,0,0,0
803972174,2,73,151,1,0,0,1,1,0,0,0,0
803863676,2,59,151,1,0,1,1,2,1,0,3,0
803842357,2,65,151,1,0,5,0,0,1,2,1,2
803809464,2,74,151,1,0,2,0,0,0,0,0,0
803727307,2,69,151,1,5,0,0,0,3,0,3,0
803724632,2,55,151,1,0,0,3,3,0,0,0,0
803704410,2,63,151,1,0,0,0,0,0,0,0,0
803704320,2,64,151,1,0,0,0,0,1,0,0,0
803688934,2,62,151,1,2,0,0,0,17,0,57,0
803685652,2,67,151,1,0,0,0,0,0,0,0,0
803604019,2,64,151,1,0,0,1,1,0,0,0,0
803587427,2,62,151,1,0,0,0,0,0,0,0,0
803549738,2,74,151,1,6,1,0,0,0,0,0,0
803516400,2,56,151,1,0,0,1,1,0,0,0,0
803502941,2,65,151,1,0,2,0,0,0,0,0,0
803446292,2,56,151,1,0,0,0,0,0,0,0,0
803429818,2,71,151,1,0,0,0,0,0,0,0,0
803417179,2,61,151,1,0,0,9,19,0,0,0,0
803401118,2,62,151,1,0,0,0,0,0,0,0,0
803366020,2,57,151,1,0,0,0,0,0,0,0,0
803355588,2,65,151,1,140,1,3,6,12,38,2,29
803301611,2,55,151,1,0,0,0,0,0,0,0,0
803282445,2,63,151,1,0,1,0,0,0,0,0,0
803280820,2,66,151,1,0,0,0,0,0,0,0,0
803222790,2,57,151,1,0,0,0,0,0,0,0,0
803216032,2,58,151,1,10,1,1,1,3,14,14,12
803188727,2,66,151,1,1,0,0,0,0,0,0,0
803186276,2,59,151,1,0,0,0,0,0,0,0,0
803178947,2,77,151,1,0,0,0,0,0,0,0,0
803171970,2,60,151,1,19,0,0,0,0,0,0,0
803148402,2,65,151,1,0,0,0,0,0,0,0,0
803114413,2,67,151,1,0,0,1,2,1,0,0,0
803108402,2,69,151,1,0,0,0,0,1,0,1,0
803105150,2,85,151,1,0,3,0,0,0,0,0,0
803045707,2,57,151,1,0,0,0,0,0,0,0,0
803038566,2,57,151,1,0,1,0,1,0,0,0,0
802987796,2,67,151,1,0,0,0,1,1,0,1,0
802987010,2,71,151,1,0,1,0,0,0,0,0,0
802970952,2,55,151,1,0,0,0,0,0,0,0,0
802967145,2,77,151,1,0,0,1,1,0,0,0,0
802964238,2,62,151,1,0,2,1,1,0,0,0,0
802955302,2,57,151,1,0,1,0,0,1,2,1,2
802923160,2,74,151,1,0,0,1,1,0,0,0,0
802869023,2,56,151,1,0,0,0,0,0,0,0,0
802795320,2,57,151,1,0,0,0,0,0,0,0,0
802779947,2,70,151,1,0,0,0,0,0,0,0,0
802758896,2,56,151,1,0,1,0,1,0,0,0,0
802736858,2,66,151,1,0,0,0,0,0,0,0,0
802711026,2,72,151,1,0,0,0,0,0,0,0,0
802612689,2,67,151,1,0,0,13,14,0,0,0,0
802573713,2,56,151,1,0,2,0,1,0,0,0,0
802549151,2,62,151,1,0,0,0,0,0,0,0,0
802534259,2,55,151,1,0,0,0,0,0,0,0,0
802527199,2,62,151,1,0,0,0,0,0,0,0,0
802506674,2,55,151,1,2,0,3,3,0,0,0,0
802346349,2,82,151,1,0,0,0,0,1,0,1,0
802263117,2,55,151,1,0,0,0,0,1,1,1,1
802145681,2,56,151,1,0,0,0,0,0,0,0,0
802092894,2,61,151,1,0,0,0,1,0,0,0,0
802075006,2,58,151,1,0,0,0,0,0,0,0,0
801991377,2,64,151,1,0,0,0,0,0,0,1,0
801839471,2,61,151,1,0,1,0,0,0,0,0,0
801811158,2,58,151,1,0,0,0,0,0,0,0,0
801782133,2,60,151,1,6,0,1,1,0,0,0,0
801776045,2,62,151,1,0,0,0,0,0,0,0,0
801757767,2,56,151,1,0,10,0,0,0,0,0,0
801745015,2,58,151,1,0,0,0,0,0,0,0,0
801719893,2,70,151,1,0,0,0,0,0,0,0,0
801538842,2,61,151,1,1,0,0,0,1,0,1,0
801348022,2,55,151,1,4,0,0,1,1,0,0,0
801327832,2,61,151,1,0,0,0,0,0,0,0,0
801314978,2,62,151,1,0,0,0,0,0,0,0,0
801283195,2,60,151,1,0,1,0,0,0,0,0,0
801197029,2,58,151,1,0,3,0,0,0,0,0,0
801106844,2,62,151,1,28,5,3,4,1,11,1,11
801074006,2,57,151,1,0,0,0,0,0,0,0,0
801071423,2,65,151,1,2,3,4,4,2,4,2,4
800992709,2,62,151,1,1,1,1,1,0,0,0,0
800946384,2,61,151,1,0,2,0,0,0,0,0,0
800934514,2,61,151,1,0,1,1,2,0,0,1,0
800907224,2,57,151,1,4,0,0,0,0,0,0,0
800903746,2,66,151,1,0,5,0,0,0,0,0,0
800878849,2,65,151,1,3,0,0,0,0,0,0,0
800810112,2,66,151,1,0,0,0,1,0,0,0,0
800808156,2,63,151,1,1,0,0,0,0,0,0,0
800808019,2,66,151,1,0,0,0,0,0,0,0,0
800800987,2,56,151,1,0,0,3,3,0,0,0,0
800794426,2,56,151,1,0,1,0,0,0,0,0,0
800676190,2,64,151,1,0,2,0,0,0,0,0,0
800484734,2,62,151,1,0,0,1,1,1,0,0,0
800461507,2,66,151,1,0,0,0,0,0,0,0,0
800412025,2,59,151,1,12,3,0,1,0,0,0,0
800379636,2,55,151,1,933,36,5,7,17,556,72,843
800214862,2,63,151,1,1,0,0,0,0,0,0,0
800191621,2,74,151,1,0,0,0,0,0,0,0,0
800171816,2,76,151,1,0,0,0,0,0,0,0,0
800063169,2,57,151,1,3,0,0,0,12,3,26,2
800026878,2,55,151,1,0,1,0,0,2,3,6,1
799981004,2,58,151,1,0,1,2,2,0,0,0,0
799963804,2,75,151,1,0,0,0,0,0,0,0,0
799960517,2,55,151,1,5,1,1,1,2,7,2,7
799900572,2,57,151,1,0,1,0,0,0,0,0,0
799843848,2,78,151,1,6,2,1,3,1,6,1,6
799808031,2,65,151,1,1,0,0,0,0,0,0,0
799719833,2,63,151,1,0,0,0,0,0,0,0,0
799660256,2,64,151,1,44,40,6,8,1,7,1,7
799659660,2,62,151,1,1,0,0,0,0,0,0,0
799575805,2,67,151,1,0,1,0,0,0,0,0,0
799454706,2,56,151,1,0,0,0,0,0,0,0,0
799429003,2,59,151,1,0,0,0,0,0,0,0,0
799418564,2,64,151,1,2,1,15,24,0,0,0,0
799199953,2,65,151,1,0,2,0,2,0,0,0,0
799186439,2,81,151,1,0,1,3,4,0,0,0,0
799154308,2,62,151,1,0,0,0,0,0,0,0,0
799096586,2,57,151,1,1,1,0,2,1,0,1,0
798935811,2,55,151,1,0,6,0,0,0,0,0,0
798926031,2,63,151,1,11,2,3,3,0,0,0,0
798922110,2,56,151,1,9,0,1,1,1,2,0,0
798856127,2,70,151,1,1,2,0,0,1,0,1,0
798830477,2,78,151,1,2,0,1,1,4,0,4,0
798825592,2,66,151,1,0,1,0,0,0,0,0,0
798807841,2,57,151,1,0,0,0,0,0,0,0,0
798704365,2,65,151,1,0,0,0,1,1,0,0,0
798633015,2,61,151,1,0,1,0,0,0,0,0,0
798608553,2,72,151,1,0,0,0,0,0,0,0,0
798551620,2,55,151,1,0,0,0,0,0,0,0,0
798428061,2,65,151,1,0,0,0,0,0,0,0,0
798421706,2,70,151,1,0,0,0,0,0,0,0,0
798300351,2,81,151,1,0,1,3,3,1,1,1,1
798286706,2,63,151,1,10,3,0,0,2,12,2,12
798245423,2,63,151,1,0,0,0,0,0,0,0,0
798245401,2,66,151,1,0,0,0,0,1,0,1,0
798165232,2,68,151,1,0,2,0,0,1,0,1,0
798122425,2,73,151,1,0,0,0,0,0,0,0,0
798072252,2,65,151,1,1,3,0,0,0,0,0,0
798020877,2,55,151,1,0,0,0,0,0,0,0,0
797995618,2,70,151,1,2,1,0,0,0,0,0,0
797853141,2,70,151,1,0,5,0,0,2,1,1,1
797818402,2,68,151,1,0,0,0,0,0,0,0,0
797722268,2,77,151,1,3,1,1,1,0,0,0,0
797707518,2,65,151,1,0,0,0,0,0,0,0,0
797554939,2,61,151,1,0,1,0,0,1,1,1,1
797554333,2,62,151,1,1,1,0,0,0,0,0,0
797534747,2,62,151,1,0,1,0,0,0,0,0,0
797510403,2,63,151,1,13,0,0,2,0,0,0,0
797509266,2,59,151,1,0,2,0,0,0,0,0,0
797502330,2,66,151,1,0,0,0,0,0,0,0,0
797472195,2,66,151,1,45,20,0,0,1,27,1,27
797444979,2,60,151,1,0,0,1,2,0,0,0,0
797354327,2,57,151,1,0,2,0,0,0,0,0,0
797297094,2,62,151,1,18,0,0,0,0,0,0,0
797258992,2,66,151,1,0,0,0,0,0,0,0,0
797241012,2,62,151,1,0,1,0,0,0,0,0,0
797215258,2,58,151,1,0,2,0,0,0,0,0,0
797201349,2,67,151,1,0,0,0,0,3,0,1,0
797196737,2,67,151,1,0,2,0,0,0,0,0,0
797195953,2,66,151,1,1,0,0,0,1,1,1,1
797153439,2,67,151,1,0,1,1,1,0,0,0,0
797123177,2,63,151,1,0,0,0,0,0,0,0,0
797119406,2,69,151,1,4,5,0,0,1,1,1,1
797111999,2,58,151,1,3,0,1,1,6,0,1,0
797093987,2,62,151,1,1,1,0,0,0,0,0,0
797036416,2,67,151,1,0,4,0,0,0,0,0,0
797019266,2,62,151,1,0,2,1,1,0,0,0,0
797005207,2,72,151,1,0,0,0,0,0,0,0,0
796951496,2,70,151,1,0,4,0,0,0,0,0,0
796942279,2,58,151,1,1,0,0,0,2,0,0,0
796933585,2,62,151,1,0,1,0,1,0,0,0,0
796931700,2,67,151,1,1,0,0,0,1,3,1,3
796857195,2,72,151,1,0,2,0,0,0,0,0,0
796756162,2,60,151,1,0,0,0,0,0,0,0,0
796736503,2,63,151,1,0,9,0,0,0,0,0,0
796662352,2,56,151,1,0,5,0,0,1,1,1,1
796653575,2,65,151,1,0,1,0,1,0,0,0,0
796582137,2,61,151,1,12,16,1,1,5,115,6,122
796577360,2,64,151,1,0,0,0,0,0,0,0,0
796555930,2,55,151,1,9,1,1,1,1,3,1,3
796545145,2,59,151,1,0,6,0,0,0,0,0,0
796538959,2,60,151,1,0,0,0,0,0,0,0,0
796535690,2,75,151,1,0,0,0,0,0,0,0,0
796532357,2,67,151,1,0,3,0,0,0,0,0,0
796518103,2,60,151,1,0,3,0,0,1,1,1,1
796471423,2,55,151,1,0,1,0,0,0,0,0,0
796457252,2,64,151,1,7,0,1,1,1,0,1,0
796448473,2,100,151,1,0,1,2,3,0,0,0,0
796438435,2,60,151,1,0,0,0,0,0,0,0,0
796437620,2,58,151,1,0,0,1,1,0,0,0,0
796405103,2,77,151,1,0,2,0,0,0,0,0,0
796389150,2,64,151,1,0,2,0,0,0,0,0,0
796384426,2,62,151,1,0,0,0,0,0,0,0,0
796375971,2,58,151,1,0,0,0,0,0,0,0,0
796333565,2,64,151,1,1,2,1,1,0,0,0,0
796328657,2,58,151,1,0,2,0,0,0,0,0,0
796311964,2,60,151,1,0,1,0,0,0,0,0,0
796303016,2,84,151,1,0,0,0,0,0,0,0,0
796280085,2,56,151,1,0,0,0,0,0,0,0,0
796260957,2,67,151,1,0,0,0,0,0,0,0,0
796240185,2,60,151,1,0,2,0,0,0,0,0,0
796196007,2,61,151,1,0,1,0,0,0,0,0,0
796186864,2,55,151,1,0,0,0,0,0,0,0,0
796178662,2,56,151,1,1,1,0,0,0,0,0,0
796157321,2,70,151,1,0,0,0,0,0,0,0,0
796144307,2,57,151,1,5,0,2,2,0,0,0,0
796135161,2,57,151,1,1,0,0,0,0,0,0,0
796115765,2,69,151,1,6,0,0,0,0,0,0,0
796090551,2,75,151,1,0,0,0,0,0,0,0,0
796089307,2,59,151,1,0,0,0,0,0,0,0,0
796082436,2,56,151,1,0,1,0,0,0,0,0,0
795969961,2,62,151,1,0,0,0,0,0,0,0,0
795959614,2,65,151,1,0,0,0,0,0,0,0,0
795925939,2,57,151,1,0,0,0,0,0,0,0,0
795913383,2,66,151,1,19,9,1,2,0,0,0,0
795889780,2,74,151,1,0,0,1,1,0,0,0,0
795887453,2,68,151,1,0,0,0,0,0,0,0,0
795872555,2,62,151,1,6,1,1,1,2,2,3,2
795816564,2,57,151,1,9,0,2,11,1,1,2,1
795807322,2,55,151,1,0,0,0,0,0,0,7,1
795790780,2,66,151,1,0,0,0,0,1,1,0,0
795774221,2,65,151,1,20,0,2,6,1,0,0,0
795728325,2,63,151,1,2,6,0,0,2,2,2,2
795640920,2,67,151,1,3,0,0,1,2,2,0,0
795619914,2,58,151,1,3,0,1,1,0,0,0,0
795615413,2,59,151,1,1,0,0,0,0,0,0,0
795613709,2,100,151,1,1,1,0,0,0,0,1,0
795592594,2,67,151,1,0,1,0,0,0,0,0,0
795511889,2,56,151,1,1,1,1,1,1,0,0,0
795508182,2,65,151,1,0,0,0,0,0,0,0,0
795425806,2,60,151,1,1,1,15,41,44,30,6,3
795350026,2,74,151,1,0,0,0,0,0,0,0,0
795326643,2,64,151,1,0,0,0,0,0,0,0,0
795294751,2,92,151,1,0,0,0,1,0,0,0,0
795291853,2,63,151,1,7,3,0,0,1,1,1,1
795154345,2,62,151,1,0,4,0,1,1,4,1,4
795153399,2,67,151,1,15,0,13,27,1,7,2,7
795079521,2,64,151,1,1,0,0,0,0,0,0,0
795074862,2,60,151,1,0,5,0,0,0,0,0,0
795001857,2,60,151,1,0,0,0,0,0,0,0,0
794999285,2,66,151,1,0,0,0,0,0,0,0,0
794997213,2,100,151,1,45,0,60,91,9,7,4,2
794975919,2,71,151,1,3,2,0,0,1,0,1,0
794943912,2,74,151,1,0,1,3,6,0,0,0,0
794847468,2,62,151,1,0,0,0,0,0,0,0,0
794845630,2,66,151,1,0,0,1,1,0,0,0,0
794831143,2,61,151,1,0,1,0,0,0,0,0,0
794823507,2,57,151,1,34,7,1,1,1,5,1,5
794789090,2,64,151,1,0,0,0,0,0,0,0,0
794679303,2,78,151,1,2,0,1,2,3,5,2,5
794597107,2,89,151,1,0,0,1,2,0,0,0,0
794581148,2,68,151,1,0,0,0,1,1,0,0,0
794538764,2,91,151,1,0,0,0,0,0,0,1,0
794493249,2,55,151,1,0,5,0,0,0,0,0,0
794440815,2,57,151,1,0,1,0,0,0,0,0,0
794426576,2,59,151,1,0,4,0,0,0,0,0,0
794411954,2,64,151,1,0,0,0,1,0,0,0,0
794377295,2,73,151,1,0,0,0,0,0,0,0,0
794353799,2,58,151,1,0,0,0,0,0,0,0,0
794350015,2,60,151,1,0,0,0,0,0,0,0,0
794343502,2,57,151,1,0,0,0,0,0,0,0,0
794281575,2,63,151,1,3,0,0,0,0,0,0,0
794254893,2,79,151,1,0,2,0,0,0,0,0,0
794230713,2,71,151,1,0,0,0,0,0,0,0,0
794214779,2,67,151,1,0,2,0,0,1,1,1,1
794214030,2,72,151,1,0,1,0,0,0,0,0,0
794209482,2,67,151,1,0,4,0,0,0,0,0,0
794194575,2,68,151,1,0,4,0,0,0,0,0,0
794166481,2,66,151,1,0,0,0,0,0,0,0,0
794160865,2,84,151,1,0,0,1,1,0,0,0,0
794140255,2,58,151,1,5,3,0,0,0,0,0,0
794102452,2,56,151,1,0,0,0,0,0,0,0,0
794087811,2,55,151,1,0,5,0,0,1,3,1,3
794044360,2,100,151,1,0,0,3,4,5,6,8,6
794011041,2,62,151,1,31,1,7,9,0,0,0,0
794009376,2,62,151,1,0,0,0,0,0,0,0,0
794002309,2,61,151,1,2,3,2,6,0,0,0,0
793990428,2,74,151,1,0,0,0,0,1,0,0,0
793972604,2,56,151,1,0,4,0,0,0,0,0,0
793917494,2,77,151,1,0,1,0,0,0,0,0,0
793888072,2,65,151,1,0,5,0,1,0,0,0,0
793846741,2,56,151,1,0,0,0,0,0,0,0,0
793845610,2,60,151,1,27,0,101,163,2,0,0,0
793836422,2,56,151,1,0,0,0,0,0,0,0,0
793827199,2,63,151,1,0,0,1,1,0,0,0,0
793815596,2,60,151,1,1,1,14,33,1,0,1,0
793798665,2,58,151,1,0,0,1,3,0,0,0,0
793758761,2,58,151,1,11,2,18,30,6,5,3,6
793757880,2,56,151,1,0,0,0,1,0,0,0,0
793750561,2,69,151,1,0,0,1,1,0,0,0,0
793748369,2,67,151,1,0,2,0,2,0,0,0,0
793746146,2,59,151,1,0,0,0,0,0,0,0,0
793707795,2,86,151,1,27,1,9,11,2,10,2,10
793696473,2,56,151,1,0,0,0,0,0,0,0,0
793677762,2,55,151,1,3,2,12,14,2,3,1,3
793645146,2,59,151,1,3,1,4,4,1,4,1,2
793627510,2,66,151,1,0,9,0,0,0,0,0,0
793610433,2,63,151,1,0,5,0,0,0,0,0,0
793606591,2,64,151,1,0,4,0,0,0,0,1,0
793599160,2,59,151,1,0,0,0,0,0,0,0,0
793580838,2,55,151,1,5,0,0,0,1,2,1,2
793570836,2,66,151,1,0,0,0,1,1,0,1,0
793523807,2,70,151,1,0,0,1,2,0,0,0,0
793459674,2,66,151,1,6,0,2,3,1,1,1,1
793354408,2,72,151,1,0,0,0,0,0,0,0,0
793330510,2,56,151,1,2,0,0,0,1,0,2,0
793163002,2,56,151,1,0,0,1,1,0,0,0,0
793028449,2,62,151,1,0,0,0,0,1,0,1,0
793011999,2,65,151,1,0,1,1,1,0,0,0,0
792985386,2,56,151,1,0,0,0,0,0,0,0,0
792983810,2,62,151,1,0,0,0,0,0,0,0,0
792982745,2,81,151,1,0,0,0,0,0,0,0,0
792942186,2,65,151,1,0,0,0,0,0,0,0,0
792932358,2,59,151,1,16,2,0,0,0,0,1,4
792903285,2,61,151,1,0,1,0,0,0,0,0,0
792898564,2,61,151,1,2,1,0,1,0,0,0,0
792895365,2,62,151,1,0,0,0,2,0,0,0,0
792878677,2,69,151,1,0,1,0,0,0,0,0,0
792788481,2,64,151,1,0,1,0,0,1,1,1,1
792776708,2,58,151,1,0,0,0,0,0,0,0,0
792735940,2,71,151,1,0,1,0,0,0,0,0,0
792728445,2,57,151,1,0,2,0,0,0,0,0,0
792712263,2,58,151,1,4,6,139,227,44,5,1,3
792702194,2,57,151,1,0,1,0,0,1,2,1,2
792683297,2,63,151,1,0,2,0,0,0,0,0,0
792656619,2,63,151,1,0,2,1,1,1,2,1,2
792643698,2,67,151,1,0,0,0,0,0,0,0,0
792630196,2,60,151,1,0,2,0,0,0,0,0,0
792621017,2,58,151,1,0,0,0,0,0,0,0,0
792620335,2,60,151,1,3,3,0,0,1,0,1,0
792578470,2,73,151,1,0,4,0,2,1,2,1,2
792573870,2,68,151,1,2,0,0,0,0,0,0,0
792540213,2,55,151,1,15,4,2,2,0,0,0,0
792442040,2,57,151,1,151,3,499,608,100,500,100,509
792437293,2,63,151,1,17,13,1,1,1,10,1,10
792395360,2,59,151,1,0,0,0,0,0,0,0,0
792394866,2,59,151,1,1,5,0,0,0,0,0,0
792392318,2,65,151,1,5,2,0,0,0,0,0,0
792340906,2,78,151,1,2,4,21,31,10,2,4,1
792305387,2,60,151,1,0,0,0,0,0,0,0,0
792301643,2,72,151,1,0,0,1,1,0,0,0,0
792274251,2,60,151,1,0,0,0,0,1,1,1,1
792258899,2,71,151,1,0,0,0,0,0,0,0,0
792242510,2,57,151,1,0,0,0,0,0,0,0,0
792242081,2,62,151,1,0,0,1,1,0,0,0,0
792238224,2,56,151,1,0,0,0,0,0,0,0,0
792161640,2,58,151,1,0,0,0,0,23,0,2,0
792155979,2,60,151,1,0,0,0,0,0,0,0,0
792146555,2,56,151,1,0,0,2,2,0,0,0,0
792120692,2,73,151,1,0,0,0,0,0,0,0,0
792102488,2,55,151,1,0,0,0,0,0,0,0,0
792099354,2,57,151,1,21,2,0,0,3,19,3,20
792051413,2,58,151,1,0,0,1,1,0,0,0,0
792028258,2,59,151,1,0,0,0,0,0,0,0,0
792006930,2,55,151,1,3,0,0,0,1,0,1,0
791971667,2,58,151,1,0,3,2,3,1,3,1,3
791967293,2,74,151,1,1,5,3,3,0,0,0,0
791954886,2,55,151,1,1,0,0,0,0,0,0,0
791928063,2,69,151,1,0,0,0,0,2,2,2,2
791918647,2,74,151,1,16,0,0,0,2,5,1,6
791907659,2,68,151,1,0,1,0,2,2,0,1,0
791864346,2,61,151,1,0,1,0,0,0,0,0,0
791842090,2,63,151,1,4,4,1,1,2,5,2,4
791837258,2,61,151,1,0,0,0,0,0,0,0,0
791831161,2,55,151,1,0,0,0,0,0,0,0,0
791743790,2,55,151,1,0,3,0,0,0,0,0,0
791729739,2,64,151,1,1,3,0,0,1,1,1,1
791726660,2,67,151,1,0,0,1,1,0,0,0,0
791656853,2,68,151,1,0,0,0,0,0,0,0,0
791648054,2,59,151,1,0,0,0,0,0,0,0,0
791643807,2,64,151,1,0,0,0,0,0,0,0,0
791632243,2,65,151,1,0,0,0,0,0,0,0,0
791621071,2,62,151,1,0,0,0,0,0,0,0,0
791602153,2,61,151,1,0,1,0,0,0,0,0,0
791580644,2,60,151,1,0,0,0,0,0,0,0,0
791580046,2,55,151,1,9,2,0,0,0,0,0,0
791564942,2,60,151,1,45,3,0,0,24,182,33,206
791560425,2,60,151,1,0,1,0,0,0,0,0,0
791487407,2,63,151,1,0,0,0,0,0,0,0,0
791471846,2,62,151,1,0,0,0,1,0,0,0,0
791443524,2,60,151,1,1,1,0,0,1,0,1,0
791426004,2,57,151,1,0,1,0,0,0,0,0,0
791417135,2,66,151,1,0,2,0,0,1,1,1,1
791374234,2,69,151,1,0,0,0,0,0,0,0,0
791359232,2,58,151,1,0,0,0,0,0,0,0,0
791334712,2,61,151,1,0,2,1,2,1,0,1,0
791330856,2,58,151,1,0,0,0,1,0,0,0,0
791236633,2,75,151,1,1,0,0,0,0,0,0,0
791235639,2,55,151,1,0,1,1,2,0,0,0,0
791222760,2,61,151,1,1,5,0,0,0,0,0,0
791121698,2,62,151,1,1085,9,2,5,22,67,13,19
791118511,2,74,151,1,0,0,0,1,0,0,0,0
791041672,2,57,151,1,0,0,0,0,0,0,0,0
791003508,2,82,151,1,0,0,0,0,0,0,0,0
791002414,2,77,151,1,1509,3,16,30,3,15,11,12
790985554,2,83,151,1,0,0,0,0,0,0,1,0
790957056,2,57,151,1,0,3,0,0,0,0,0,0
790949394,2,63,151,1,0,7,0,0,1,1,1,1
790930444,2,67,151,1,0,0,0,0,0,0,0,0
790902553,2,89,151,1,4,8,5,7,4,5,1,1
790900422,2,60,151,1,0,0,0,0,0,0,0,0
790897757,2,60,151,1,2,1,0,0,2,2,2,2
790895606,2,58,151,1,0,0,0,0,0,0,0,0
790885197,2,77,151,1,0,1,0,0,0,0,0,0
790821765,2,62,151,1,0,0,1,1,0,0,0,0
790806406,2,60,151,1,0,1,0,0,1,0,1,0
790798199,2,71,151,1,0,0,0,1,0,0,0,0
790795350,2,63,151,1,0,1,0,0,1,0,1,0
790777359,2,58,151,1,3,1,0,0,0,0,0,0
790742504,2,66,151,1,9,2,2,4,1,3,1,3
790734039,2,64,151,1,0,4,0,0,0,0,1,0
790732130,2,70,151,1,0,2,1,2,0,0,0,0
790722994,2,77,151,1,0,0,0,0,0,0,0,0
790720203,2,70,151,1,19,1,1,2,0,0,0,0
790636544,2,60,151,1,55,3,0,1,2,23,2,23
790632536,2,57,151,1,0,0,0,0,0,0,0,0
790580682,2,70,151,1,0,1,0,1,0,0,0,0
790577573,2,59,151,1,0,1,0,0,0,0,0,0
790575956,2,82,151,1,0,2,0,0,0,0,0,0
790543800,2,72,151,1,1,0,0,0,0,0,0,0
790535000,2,60,151,1,0,6,0,0,0,0,0,0
790503143,2,58,151,1,0,0,0,0,0,0,0,0
790467373,2,72,151,1,0,3,4,9,0,0,0,0
790455629,2,66,151,1,0,0,0,4,0,0,0,0
790425887,2,62,151,1,0,2,0,0,1,0,1,0
790375414,2,58,151,1,0,0,1,1,0,0,0,0
790307190,2,67,151,1,0,2,0,0,0,0,0,0
790289353,2,65,151,1,0,1,0,0,0,0,0,0
790267507,2,60,151,1,0,0,0,0,0,0,0,0
790238654,2,72,151,1,0,0,0,1,0,0,0,0
790226296,2,99,151,1,0,0,0,1,1,0,1,0
790216459,2,60,151,1,0,0,0,0,0,0,0,0
790188999,2,65,151,1,0,1,1,1,0,0,0,0
790181086,2,77,151,1,2,0,0,1,0,0,0,0
790177595,2,58,151,1,3,1,1,1,0,0,0,0
790138380,2,57,151,1,0,4,0,0,0,0,0,0
790101979,2,69,151,1,2,0,0,0,0,0,0,0
790099734,2,64,151,1,0,1,0,0,0,0,0,0
790095495,2,56,151,1,0,2,1,3,1,1,1,1
790091923,2,62,151,1,5,1,0,1,1,1,1,1
790074476,2,68,151,1,0,0,1,1,0,0,0,0
790069227,2,66,151,1,6,3,0,0,1,2,1,2
790063353,2,61,151,1,0,0,0,0,0,0,0,0
790047125,2,77,151,1,36,44,88,117,33,109,16,112
790043040,2,78,151,1,0,0,0,0,0,0,0,0
790026830,2,67,151,1,0,1,0,0,0,0,0,0
790010736,2,55,151,1,1,3,2,2,1,0,2,0
790001469,2,72,151,1,0,2,0,0,1,1,1,1
789995875,2,57,151,1,0,2,0,0,0,0,0,0
789959136,2,56,151,1,2,2,1,1,1,0,1,0
789947272,2,64,151,1,0,0,0,0,0,0,0,0
789912218,2,58,151,1,3,3,2,3,1,1,1,1
789905212,2,59,151,1,0,0,0,0,1,1,1,1
789892443,2,56,151,1,60,1,0,0,4,15,1,16
789862375,2,75,151,1,0,1,0,0,0,0,0,0
789841311,2,59,151,1,0,0,0,0,0,0,0,0
789820846,2,70,151,1,0,0,0,0,0,0,0,0
789820232,2,61,151,1,0,1,3,3,0,0,0,0
789786648,2,69,151,1,0,1,0,0,0,0,0,0
789767627,2,57,151,1,0,0,0,0,1,0,0,0
789727355,2,58,151,1,0,0,0,0,0,0,0,0
789715358,2,60,151,1,0,2,0,0,0,0,0,0
789687415,2,84,151,1,0,0,1,2,0,0,0,0
789608904,2,66,151,1,0,2,0,0,0,0,0,0
789529187,2,72,151,1,0,0,0,1,0,0,0,0
789514393,2,62,151,1,0,1,0,0,0,0,0,0
789505569,2,55,151,1,0,1,0,0,0,0,0,0
789496548,2,64,151,1,0,0,0,0,0,0,0,0
789486787,2,61,151,1,0,0,0,0,0,0,0,0
789474173,2,55,151,1,0,0,0,0,0,0,0,0
789458112,2,65,151,1,0,0,1,1,0,0,0,0
789454003,2,59,151,1,1,0,2,6,2,0,0,0
789431762,2,64,151,1,0,1,0,0,0,0,0,0
789330075,2,69,151,1,0,0,0,0,0,0,0,0
789313740,2,55,151,1,1,0,0,0,1,0,1,0
789281034,2,71,151,1,0,0,0,0,0,0,0,0
789278676,2,71,151,1,1,0,0,1,1,0,2,0
789250679,2,80,151,1,2,0,0,1,0,0,0,0
789214056,2,62,151,1,3,0,1,2,5,2,3,1
789191610,2,61,151,1,37,3,0,1,2,3,6,4
789128787,2,59,151,1,0,0,0,0,0,0,0,0
789125598,2,62,151,1,0,0,0,0,1,0,1,0
789107550,2,69,151,1,33,6,10,10,3,0,0,0
789064583,2,55,151,1,0,0,1,1,1,0,1,0
789031488,2,63,151,1,1,0,0,0,0,0,0,0
789004038,2,66,151,1,0,22,8,14,27,0,24,1
788999305,2,59,151,1,0,0,0,0,0,0,0,0
788964324,2,75,151,1,0,0,0,0,0,0,0,0
788957563,2,62,151,1,0,0,0,0,0,0,0,0
788927106,2,69,151,1,177,7,2,6,77,477,100,450
788879924,2,59,151,1,1,0,6,8,2,1,2,0
788868992,2,70,151,1,0,0,0,0,0,0,0,0
788866207,2,63,151,1,3,3,0,0,1,2,1,2
788808999,2,67,151,1,0,1,0,0,0,0,1,0
788797421,2,57,151,1,0,2,0,0,2,0,1,0
788779904,2,76,151,1,0,0,0,0,0,0,0,0
788778272,2,75,151,1,0,0,0,0,0,0,0,0
788721873,2,64,151,1,0,1,0,0,0,0,0,0
788708828,2,58,151,1,6,0,0,0,0,0,0,0
788696665,2,71,151,1,0,0,0,0,0,0,0,0
788621665,2,71,151,1,0,0,0,0,1,1,1,1
788604177,2,70,151,1,0,8,0,1,1,1,1,1
788582677,2,69,151,1,0,0,2,2,1,0,1,0
788557036,2,56,151,1,0,1,0,0,1,1,1,1
788546109,2,55,151,1,3,1,1,2,1,1,1,1
788534903,2,67,151,1,0,14,0,0,1,3,1,3
788420881,2,61,151,1,0,0,0,0,0,0,0,0
788401335,2,56,151,1,1,2,0,0,0,0,0,0
788296735,2,66,151,1,0,0,0,0,0,0,0,0
788283864,2,55,151,1,0,1,0,0,1,0,1,0
788199260,2,66,151,1,0,1,3,4,0,0,0,0
788148449,2,62,151,1,0,1,0,0,0,0,0,0
788135634,2,73,151,1,0,0,0,0,1,0,2,0
788126222,2,67,151,1,0,0,0,1,0,0,0,0
788118902,2,60,151,1,17,1,19,23,4,7,3,7
788108985,2,56,151,1,0,3,21,83,1,1,1,1
788096517,2,62,151,1,0,1,0,1,0,0,0,0
787983327,2,72,151,1,5,5,1,3,0,0,0,0
787974544,2,60,151,1,0,2,0,0,0,0,0,0
787970048,2,63,151,1,0,0,1,3,0,0,0,0
787943839,2,76,151,1,10,1,0,0,0,0,0,0
787942977,2,67,151,1,0,0,0,0,0,0,0,0
787928551,2,73,151,1,0,0,0,0,0,0,0,0
787913304,2,70,151,1,0,0,1,1,0,0,0,0
787908281,2,75,151,1,0,0,0,0,0,0,0,0
787907908,2,63,151,1,0,0,0,0,0,0,0,0
787887726,2,59,151,1,0,0,0,0,1,0,0,0
787887544,2,63,151,1,3,1,0,0,0,0,0,0
787882201,2,56,151,1,1,2,0,1,0,0,0,0
787879279,2,69,151,1,0,0,0,0,3,0,0,0
787837105,2,67,151,1,0,0,0,0,0,0,0,0
787800861,2,87,151,1,0,0,1,2,0,0,1,0
787787933,2,76,151,1,0,0,0,0,0,0,0,0
787732125,2,59,151,1,0,0,0,1,0,0,0,0
787711127,2,74,151,1,0,0,0,0,0,0,0,0
787686595,2,57,151,1,0,0,0,0,0,0,0,0
787591360,2,61,151,1,0,0,0,0,0,0,0,0
787562941,2,55,151,1,44,8,10,14,2,20,3,34
787539539,2,61,151,1,1,0,0,0,0,0,0,0
787534590,2,55,151,1,1,0,3,15,0,0,0,0
787529606,2,60,151,1,0,0,0,0,0,0,0,0
787527299,2,62,151,1,1,2,2,5,1,0,1,0
787481946,2,64,151,1,1,0,0,0,0,0,0,0
787468611,2,71,151,1,0,0,0,0,1,0,1,0
787448825,2,81,151,1,0,0,0,0,0,0,0,0
787382880,2,58,151,1,0,2,1,1,0,0,0,0
787363770,2,55,151,1,8,0,0,1,0,0,0,0
787349556,2,68,151,1,0,0,1,1,0,0,0,0
787339196,2,60,151,1,0,0,0,2,0,0,0,0
787224923,2,62,151,1,0,0,0,0,0,0,0,0
787219299,2,58,151,1,1,1,0,1,1,2,1,2
787130295,2,68,151,1,0,0,0,0,0,0,0,0
787087095,2,57,151,1,0,0,0,1,0,0,0,0
787078270,2,70,151,1,0,0,0,0,0,0,1,0
787061693,2,67,151,1,0,0,0,0,0,0,0,0
787057630,2,68,151,1,0,2,18,28,0,0,0,0
787046108,2,66,151,1,0,0,1,1,0,0,0,0
787019008,2,63,151,1,0,0,0,0,0,0,0,0
787002611,2,71,151,1,0,1,0,0,0,0,1,0
786964749,2,55,151,1,0,0,0,0,0,0,0,0
786911818,2,62,151,1,3,1,0,0,2,3,3,3
786896807,2,57,151,1,0,0,0,0,0,0,0,0
786893289,2,60,151,1,0,0,1,1,0,0,0,0
786891162,2,63,151,1,4,3,0,15,16,8,16,7
786866405,2,62,151,1,1,1,0,0,0,0,0,0
786831557,2,73,151,1,0,0,0,1,0,0,0,0
786796388,2,59,151,1,0,1,1,1,0,0,0,0
786788286,2,55,151,1,5,1,0,0,1,0,1,0
786727973,2,59,151,1,3,4,4,5,1,5,1,5
786686444,2,64,151,1,0,0,0,0,0,0,1,0
786675563,2,60,151,1,3,1,1,1,0,0,0,0
786669577,2,64,151,1,0,3,0,0,0,0,0,0
786669421,2,60,151,1,0,0,0,0,1,0,0,0
786617117,2,63,151,1,22,4,0,0,1,8,1,8
786597284,2,62,151,1,0,0,0,0,0,0,0,0
786591774,2,70,151,1,2,2,0,0,0,0,0,0
786581325,2,57,151,1,0,1,0,0,0,0,0,0
786580341,2,64,151,1,0,1,0,0,0,0,0,0
786544110,2,63,151,1,0,0,1,1,1,0,0,0
786468366,2,60,151,1,0,0,0,0,0,0,0,0
786403969,2,59,151,1,0,0,0,0,0,0,0,0
786389496,2,61,151,1,0,1,0,0,0,0,0,0
786388493,2,62,151,1,0,2,0,0,1,0,1,0
786332295,2,56,151,1,0,0,0,0,0,0,0,0
786258745,2,69,151,1,20,11,0,0,2,8,1,7
786225927,2,57,151,1,0,1,0,1,0,0,0,0
786221849,2,72,151,1,0,0,0,0,0,0,0,0
786153430,2,60,151,1,0,0,1,1,0,0,0,0
786138402,2,69,151,1,1,3,0,0,0,0,0,0
786131140,2,59,151,1,12,4,1,2,0,0,0,0
786115936,2,68,151,1,1,0,0,1,0,0,0,0
786056730,2,70,151,1,3,1,0,0,2,0,2,0
786044976,2,56,151,1,0,0,0,1,0,0,1,0
786025882,2,57,151,1,0,0,0,0,0,0,0,0
786000208,2,59,151,1,0,2,29,36,0,0,0,0
785998015,2,61,151,1,0,1,0,0,0,0,0,0
785990965,2,55,151,1,51,17,0,0,1,11,1,11
785954413,2,55,151,1,0,0,0,0,1,0,1,0
785938376,2,64,151,1,0,0,0,1,0,0,0,0
785889693,2,81,151,1,15,1,0,0,0,0,1,1
785870407,2,55,151,1,0,2,0,1,0,0,0,0
785853905,2,55,151,1,0,0,0,0,0,0,0,0
785847860,2,65,151,1,1,0,0,0,0,0,0,0
785721648,2,62,151,1,0,0,0,0,0,0,0,0
785720680,2,73,151,1,0,0,0,0,0,0,0,0
785717152,2,62,151,1,0,0,3,5,0,0,0,0
785616395,2,71,151,1,0,0,0,0,0,0,0,0
785601475,2,55,151,1,1,0,3,6,2,3,1,2
785521650,2,58,151,1,0,1,0,0,0,0,0,0
785518663,2,77,151,1,0,0,2,2,0,0,0,0
785509249,2,62,151,1,0,4,0,0,0,0,0,0
785500839,2,58,151,1,0,0,0,0,0,0,0,0
785427336,2,68,151,1,30,1,9,16,2,12,5,16
785420778,2,68,151,1,1,0,5,9,0,0,0,0
785417180,2,73,151,1,0,1,1,2,0,0,0,0
785392492,2,67,151,1,2,1,1,1,0,0,0,0
785382409,2,56,151,1,1,7,0,0,1,0,1,0
785370928,2,65,151,1,0,0,0,1,0,0,0,0
785356959,2,62,151,1,0,0,0,0,0,0,0,0
785348616,2,62,151,1,0,1,0,0,0,0,0,0
785244409,2,69,151,1,0,5,1,1,1,1,1,1
785240107,2,63,151,1,0,1,0,1,0,0,0,0
785210920,2,58,151,1,0,0,0,0,0,0,0,0
785210273,2,61,151,1,0,0,0,0,0,0,0,0
785202354,2,62,151,1,5,0,0,0,0,0,0,0
785196912,2,57,151,1,0,0,0,0,0,0,0,0
785177934,2,66,151,1,0,0,0,0,0,0,0,0
785140678,2,57,151,1,0,0,0,0,0,0,0,0
785138885,2,56,151,1,0,0,1,4,0,0,0,0
785122141,2,64,151,1,0,7,0,0,1,0,1,0
785040303,2,55,151,1,0,2,72,96,1,2,1,2
785029681,2,71,151,1,0,1,0,0,1,0,1,0
785025432,2,58,151,1,10,2,1,3,2,0,1,0
784852107,2,69,151,1,1,0,1,1,0,0,0,0
784840348,2,60,151,1,0,0,0,0,0,0,0,0
784815384,2,72,151,1,0,0,0,0,0,0,0,0
784764810,2,64,151,1,10,2,5,6,1,2,1,2
784759920,2,63,151,1,0,0,0,2,1,0,1,0
784757849,2,71,151,1,0,0,0,0,1,0,1,0
784733284,2,61,151,1,1,0,1,1,0,0,0,0
784721534,2,64,151,1,0,2,0,0,0,0,0,0
784717188,2,70,151,1,0,1,0,0,0,0,0,0
784710650,2,60,151,1,1,0,0,1,2,1,0,0
784546344,2,64,151,1,0,0,0,0,0,0,0,0
784510775,2,58,151,1,0,0,2,2,1,0,1,0
784490022,2,55,151,1,0,0,0,0,0,0,0,0
784441381,2,63,151,1,31,0,0,0,1,0,1,0
784417812,2,66,151,1,43,1,0,1,2,6,1,6
784355035,2,63,151,1,0,6,1,2,1,4,1,3
784350006,2,68,151,1,0,0,0,0,1,0,1,0
784339112,2,68,151,1,0,4,0,0,0,0,0,0
784334527,2,72,151,1,0,3,1,1,0,0,0,0
784329989,2,61,151,1,0,0,0,0,1,0,1,0
784328520,2,58,151,1,0,3,0,0,0,0,0,0
784328431,2,59,151,1,0,0,0,0,0,0,0,0
784327536,2,57,151,1,0,0,0,0,0,0,0,0
784312591,2,67,151,1,0,0,0,0,0,0,0,0
784267384,2,64,151,1,0,0,1,1,2,0,1,0
784266288,2,73,151,1,0,1,0,0,0,0,0,0
784255197,2,64,151,1,0,0,0,0,1,0,1,0
784203950,2,72,151,1,0,0,0,1,0,0,0,0
784172215,2,66,151,1,0,0,0,0,0,0,0,0
784163466,2,60,151,1,0,2,0,0,1,2,1,2
784066463,2,70,151,1,0,1,0,0,0,0,0,0
784060981,2,66,151,1,5,1,4,4,1,0,1,0
784057351,2,55,151,1,0,1,1,1,0,0,0,0
783983104,2,57,151,1,0,0,0,2,0,0,0,0
783979252,2,56,151,1,0,0,0,0,0,0,0,0
783953263,2,64,151,1,2,0,0,0,0,0,0,0
783949382,2,63,151,1,0,0,0,0,1,0,1,0
783939589,2,66,151,1,1,0,0,1,0,0,0,0
783917888,2,56,151,1,0,2,0,0,1,3,1,3
783915182,2,59,151,1,0,1,1,1,0,0,0,0
783913242,2,68,151,1,17,2,1,3,2,0,1,0
783904203,2,60,151,1,0,3,0,1,1,0,1,0
783881275,2,62,151,1,8,0,1,1,1,1,1,1
783865200,2,55,151,1,0,2,1,1,5,1,1,1
783860365,2,64,151,1,0,0,0,0,15,0,10,0
783855312,2,83,151,1,0,0,1,1,0,0,0,0
783803452,2,63,151,1,0,6,0,0,0,0,0,0
783785264,2,64,151,1,0,1,0,0,0,0,0,0
783775516,2,57,151,1,0,0,0,0,0,0,0,0
783765625,2,61,151,1,1,6,0,0,1,1,1,1
783728357,2,60,151,1,1,1,4,7,0,0,0,0
783692089,2,57,151,1,1,0,1,1,0,0,0,0
783657505,2,72,151,1,0,0,0,0,0,0,1,0
783654584,2,71,151,1,0,1,0,0,1,1,1,1
783652745,2,55,151,1,46,4,6,6,1,7,1,7
783605222,2,55,151,1,0,0,0,0,0,0,0,0
783592199,2,61,151,1,0,2,0,0,0,0,0,0
783486368,2,59,151,1,0,17,1,1,1,1,1,2
783481163,2,76,151,1,0,0,1,2,0,0,0,0
783456294,2,68,151,1,0,0,0,0,0,0,0,0
783440617,2,69,151,1,1,1,0,0,0,0,0,0
783435544,2,64,151,1,6,0,0,0,0,0,0,0
783396364,2,61,151,1,4,3,0,0,1,1,1,1
783370522,2,74,151,1,0,0,0,0,0,0,0,0
783345808,2,70,151,1,0,0,0,0,0,0,0,0
783298462,2,61,151,1,3,0,1,1,0,0,0,0
783291294,2,67,151,1,0,0,0,0,0,0,0,0
783272928,2,74,151,1,0,0,0,0,1,0,0,0
783268637,2,56,151,1,0,4,0,0,1,0,1,0
783245419,2,58,151,1,0,1,0,0,0,0,0,0
783238031,2,66,151,1,0,2,0,0,4,1,2,1
783175916,2,65,151,1,2,0,0,0,0,0,0,0
783162406,2,68,151,1,0,1,0,0,0,0,0,0
783138322,2,62,151,1,0,1,0,0,1,0,0,0
783123651,2,66,151,1,30,0,0,1,2,7,2,7
783055392,2,55,151,1,0,3,0,0,0,0,0,0
783052975,2,62,151,1,0,2,0,1,0,0,1,0
783048787,2,65,151,1,0,1,1,3,3,4,3,4
783045030,2,58,151,1,0,0,1,1,1,1,1,1
783035325,2,57,151,1,0,1,0,0,0,0,0,0
783035151,2,63,151,1,0,1,0,0,1,0,1,0
783016205,2,55,151,1,0,0,0,0,0,0,0,0
783001042,2,63,151,1,0,4,0,1,1,0,2,0
782952411,2,57,151,1,0,0,0,0,0,0,0,0
782904946,2,59,151,1,0,0,0,0,0,0,0,0
782865779,2,60,151,1,3,0,1,3,0,0,0,0
782848874,2,59,151,1,0,1,0,0,0,0,0,0
782845081,2,65,151,1,11,6,3,5,3,4,1,3
782823734,2,58,151,1,4,1,0,0,0,0,0,0
782821951,2,57,151,1,0,0,0,0,1,0,1,0
782814061,2,70,151,1,0,1,0,0,0,0,0,0
782807229,2,60,151,1,0,0,0,0,0,0,0,0
782715215,2,67,151,1,0,0,0,0,0,0,0,0
782681934,2,59,151,1,0,1,0,0,0,0,0,0
782657621,2,72,151,1,0,1,0,1,0,0,0,0
782652023,2,58,151,1,9,0,1,1,0,0,0,0
782643888,2,62,151,1,0,1,0,0,0,0,0,0
782641552,2,67,151,1,11,1,0,0,6,0,0,0
782627630,2,64,151,1,0,2,0,0,0,0,0,0
782618963,2,59,151,1,0,5,0,0,1,0,1,0
782607228,2,59,151,1,0,0,0,0,0,0,0,0
782573501,2,66,151,1,0,6,0,0,1,2,1,2
782557293,2,58,151,1,0,0,0,0,0,0,1,0
782552211,2,67,151,1,0,0,0,0,0,0,0,0
782516625,2,76,151,1,0,1,0,0,0,0,0,0
782505836,2,58,151,1,3,2,0,0,0,0,0,0
782487904,2,56,151,1,0,0,2,11,0,0,0,0
782437819,2,68,151,1,1,2,0,0,1,0,0,0
782405772,2,61,151,1,0,1,4,5,0,0,0,0
782398451,2,67,151,1,1,1,0,1,2,0,1,0
782296324,2,68,151,1,29,5,4,5,0,0,1,8
782283276,2,71,151,1,0,4,0,0,1,1,1,1
782232929,2,62,151,1,1,1,2,2,0,0,0,0
782222515,2,61,151,1,0,0,0,0,1,0,0,0
782198042,2,58,151,1,1,0,1,1,2,0,1,0
782191800,2,69,151,1,0,2,1,1,1,1,1,1
782140755,2,65,151,1,0,1,0,0,1,0,1,0
472869454,2,61,151,1,6467,905,500,1604,21,123,6,30
258115752,2,62,151,1,1,900,35,225,0,0,0,0
302948335,2,64,151,1,7820,404,242,871,12,7,0,0
482394964,2,56,151,1,2085,5842,347,457,43,199,3,53
242719277,2,68,151,1,83,3510,56,96,0,0,0,0
470262896,2,59,151,1,9320,4668,95,907,100,1426,100,1495
655582631,2,57,151,1,9,0,7,10,1,2,1,2
581236271,2,68,151,1,30,41,3,4,0,0,0,0
138614197,2,81,151,1,578,311,112,354,0,0,0,0
765746797,2,66,151,1,12,5,1,1,1,3,1,4
558592269,2,63,151,1,7,2,8,9,2,1,0,0
300098332,2,81,151,1,153,28,11,24,0,0,0,0
259107562,2,62,151,1,96,21,10,25,1,13,0,0
557304772,2,65,151,1,4,13,0,3,0,0,0,0
312068595,2,57,151,1,1,17,14,72,0,0,0,0
358021919,2,65,151,1,36,16,119,144,1,0,0,0
658120640,2,71,151,1,3403,939,62,99,100,7033,100,1171
329777300,2,67,151,1,77,9,7,19,4,2,0,0
731640184,2,61,151,1,6,8,1,3,0,0,0,0
408347519,2,62,151,1,87,2476,1433,3000,70,86,19,125
631292813,2,68,151,1,32,7,1,2,2,2,2,2
300639615,2,58,151,1,171,15,62,110,7,4,0,0
326128171,2,55,151,1,9999,5393,5,7,100,30648,100,6780
495823900,2,59,151,1,8681,3325,388,1011,100,4017,100,2311
580959985,2,58,151,1,6,8,0,1,0,0,0,0
637210102,2,57,151,1,26,0,0,1,2,0,2,0
44272482,2,94,151,1,247,411,19,65,0,0,0,0
286476603,2,55,151,1,2,13,2,7,0,0,0,0
12801801,2,55,151,1,7385,779,654,1408,100,576,100,1
487045449,2,59,151,1,9076,8003,196,635,100,6118,100,4526
147811821,2,61,151,1,7,29,0,6,0,0,0,0
526589749,2,70,151,1,1,7,0,7,0,0,0,0
324158532,2,58,151,1,5168,790,277,689,100,473,100,451
629510145,2,70,151,1,1,3,0,0,0,0,0,0
27148318,2,67,151,1,32,301,20,76,10,12,6,9
537500322,2,56,151,1,75,0,8,15,13,228,10,226
78465263,2,60,151,1,165,449,88,108,0,0,1,11
586032068,2,71,151,1,13,6,3,5,2,3,2,3
87658817,2,61,151,1,3349,1284,2319,4883,2,5,0,0
157032235,2,57,151,1,15,26,0,0,0,0,0,0
236750346,2,72,151,1,3,16,0,2,0,0,0,0
237498366,2,60,151,1,100,807,95,205,22,317,14,342
749690314,2,56,151,1,2,1,1,4,1,1,1,1
368434381,2,55,151,1,0,2,0,0,0,0,1,2
518927127,2,56,151,1,2,4,50,61,0,0,0,0
512009053,2,55,151,1,2,9,0,0,0,0,0,0
253347471,2,63,151,1,0,15,4,5,0,0,0,0
392477844,2,57,151,1,26,27,2,7,0,0,0,0
13043033,2,56,151,1,27,33,4,7,0,0,0,0
182332168,2,62,151,1,8109,817,127,3543,0,0,0,0
530972081,2,61,151,1,13,3,41,57,0,0,0,0
442400367,2,58,151,1,5,1,1,1,0,0,0,0
550462436,2,56,151,1,3,3,0,1,0,0,0,0
5247455,2,64,151,1,8520,4216,209,4995,100,148,3,24
135920731,2,67,151,1,35,4,2,4,0,0,0,0
136085781,2,68,151,1,93,587,11,100,0,0,0,0
520917376,2,63,151,1,2,1,0,0,0,0,0,0
221057667,2,72,151,1,117,1,16,28,15,51,1,33
200193919,2,66,151,1,3,5,1,4,0,0,0,0
472675001,2,61,151,1,14,0,18,30,0,0,0,0
4370308,2,60,151,1,1640,827,222,464,14,196,15,171
700350954,2,62,151,1,13,1,0,0,0,0,0,0
492261026,2,69,151,1,66,11,4,7,0,0,0,0
154052915,2,60,151,1,5,29,3,6,0,0,0,0
347019148,2,70,151,1,11,4,2,3,2,1,1,1
520945503,2,83,151,1,3,2,2,3,0,0,0,0
436391620,2,70,151,1,13,7,2,3,0,0,0,0
184619775,2,65,151,1,1,1,15,239,0,0,0,0
180832360,2,56,151,1,4,1,7,10,0,0,0,0
651392931,2,69,151,1,6,1,0,1,0,0,0,0
689123023,2,56,151,1,8,1,2,3,0,0,0,0
567413319,2,56,151,1,0,1,0,0,0,0,0,0
162861734,2,86,151,1,4,4,11,14,0,0,0,0
300061303,2,56,151,1,1,3,0,0,0,0,0,0
662988474,2,59,151,1,7,4,4,4,0,0,0,0
334194609,2,56,151,1,7,4,3,9,0,0,0,0
411785835,2,63,151,1,24,2,7,13,0,0,0,0
50348231,2,66,151,1,2483,2599,2341,5001,100,18,100,32
566954539,2,61,151,1,0,1,3,4,0,0,0,0
155934052,2,86,151,1,30,8762,45,58,1,27,1,28
536548676,2,60,151,1,1,1,0,0,0,0,0,0
241408465,2,63,151,1,100,16,0,3,0,0,0,0
350711582,2,59,135,1,3,14,3,4,0,0,0,0
515827148,2,58,151,1,16,1,0,0,0,0,0,0
134866807,2,81,151,1,22,11,2,9,0,0,0,0
342811651,2,73,151,1,20,4,2,6,0,0,0,0
203216642,2,57,151,1,12,5,4,5,0,0,0,0
222196586,2,56,151,1,10,17,33,101,0,0,0,0
1457314,2,68,151,1,8,7,0,1,0,0,0,0
67609782,2,55,151,1,22,9,1,5,0,0,0,0
228156742,2,76,151,1,2,2,3,11,0,0,0,0
450348061,2,55,151,1,28,0,2,8,0,0,0,0
714915627,2,59,151,1,6,0,9,12,0,0,0,0
498470846,2,69,151,1,8,1,0,39,0,0,0,0
432763505,2,96,151,1,1,1,1,1,1,1,1,1
607197569,2,56,151,1,9,2,21,24,0,0,0,0
754679336,2,66,151,1,1,5,0,0,0,0,0,0
571411664,2,55,151,1,1,0,0,0,0,0,0,0
747094811,2,70,151,1,3,0,0,0,1,0,0,0
288030222,2,69,151,1,16,4,4,9,0,0,0,0
611207490,2,63,151,1,14,4,1,1,0,0,0,0
17601573,2,62,151,1,6613,1683,126,707,0,0,0,0
228938749,2,67,151,1,3,1,1,3,0,0,0,0
520023287,2,75,151,1,5,0,1,1,0,0,0,0
520966072,2,66,151,1,1,2,2,4,2,0,0,0
282404680,2,67,151,1,4,1,0,1,0,0,0,0
594163156,2,66,151,1,3,2,0,1,0,0,0,0
570498544,2,58,151,1,0,0,0,0,0,0,0,0
755475800,2,61,151,1,1,0,0,0,0,0,0,0
619026302,2,61,151,1,1,1,0,2,0,0,0,0
640631855,2,59,151,1,1,0,1,3,1,0,0,0
658514174,2,65,151,1,1,0,0,0,0,0,0,0
704659835,2,64,151,1,1,0,0,0,0,0,0,0
740030376,2,58,151,1,2,0,0,0,0,0,0,0
754054940,2,74,151,1,1,0,1,1,0,0,0,0
750698088,2,56,151,1,2,0,3,4,0,0,0,0
712594809,2,78,151,1,1,0,3,5,0,0,0,0
805806401,2,68,135,1,0,0,0,0,0,0,0,0
805568717,2,77,135,1,0,0,0,0,1,0,1,0
805509928,2,56,135,1,0,1,0,0,1,0,1,0
805482745,2,55,135,1,0,1,0,0,0,0,0,0
805252456,2,68,135,1,0,0,0,0,0,0,0,0
805160594,2,61,135,1,0,0,1,1,0,0,0,0
804908348,2,62,135,1,0,0,0,0,0,0,0,0
804893542,2,62,135,1,0,0,0,1,0,0,1,0
804496956,2,62,135,1,1,0,1,1,0,0,0,0
804415848,2,76,135,1,0,0,0,0,0,0,0,0
804003722,2,67,135,1,0,0,0,0,0,0,0,0
803958674,2,68,135,1,0,0,39,42,0,0,0,0
803903006,2,55,135,1,0,1,0,0,1,0,1,0
803638099,2,68,135,1,0,1,0,0,0,0,0,0
803455709,2,59,135,1,0,0,0,0,0,0,0,0
803394019,2,56,135,1,19,2,0,0,0,0,1,0
803349674,2,65,135,1,0,0,0,0,0,0,0,0
802996424,2,65,135,1,0,1,0,0,0,0,0,0
802988989,2,60,135,1,0,2,0,0,0,0,0,0
802924583,2,55,135,1,0,0,0,0,0,0,0,0
802605430,2,62,135,1,0,0,0,0,0,0,0,0
802087495,2,57,135,1,0,3,0,0,1,1,1,1
802076866,2,58,135,1,0,0,0,0,0,0,0,0
802000568,2,57,135,1,4,0,1,1,0,0,0,0
801621357,2,60,135,1,0,1,0,0,0,0,0,0
801268034,2,59,135,1,0,0,0,1,0,0,0,0
801245397,2,64,135,1,0,1,1,1,0,0,0,0
801097590,2,66,135,1,0,0,0,0,0,0,0,0
800648844,2,55,135,1,0,4,0,0,0,0,0,0
800218178,2,56,135,1,0,3,0,1,1,0,1,1
799991041,2,71,135,1,0,1,0,0,0,0,0,0
799936336,2,67,135,1,29,1,0,0,1,1,0,0
799852349,2,58,135,1,0,1,0,0,0,0,0,0
799571751,2,62,135,1,0,0,0,0,0,0,0,0
798480922,2,67,135,1,0,0,0,0,0,0,0,0
798278460,2,68,135,1,0,1,0,0,0,0,0,0
798044009,2,56,135,1,0,1,0,0,0,0,0,0
797747987,2,57,135,1,0,1,7,9,1,2,1,2
797150419,2,71,135,1,0,3,0,0,0,0,0,0
796861218,2,66,135,1,0,1,0,0,0,0,0,0
796694271,2,66,135,1,0,0,0,1,0,0,0,0
796572848,2,56,135,1,33,0,0,0,2,1,8,9
796536053,2,61,135,1,0,2,0,0,0,0,0,0
796484329,2,58,135,1,1,0,6,10,0,0,0,0
796381103,2,62,135,1,4,1,0,0,0,0,0,0
796158106,2,60,135,1,1,1,0,0,0,0,0,0
795551496,2,60,135,1,0,0,0,0,0,0,0,0
795409219,2,67,135,1,1,0,0,0,0,0,0,0
795262385,2,67,135,1,0,0,0,0,0,0,0,0
795168614,2,69,135,1,0,0,0,0,0,0,0,0
795028126,2,68,135,1,1,0,0,3,0,0,0,0
794896635,2,64,135,1,4,1,1,2,1,0,1,0
794347154,2,58,135,1,0,1,0,0,0,0,0,0
793945414,2,64,135,1,6,0,0,0,0,0,0,0
793943777,2,61,135,1,0,1,0,0,1,1,1,1
793936272,2,77,135,1,0,4,1,1,1,1,1,1
793845269,2,60,135,1,0,11,0,0,0,0,0,0
793753813,2,55,135,1,0,0,0,0,0,0,2,0
793587437,2,80,135,1,2,0,0,0,1,0,1,0
793554808,2,76,135,1,0,0,0,0,0,0,0,0
793529685,2,74,135,1,0,1,1,1,0,0,0,0
793412640,2,57,135,1,0,0,0,0,0,0,0,0
793350266,2,60,135,1,0,3,0,2,0,0,0,0
793109683,2,66,135,1,0,0,3,5,0,0,0,0
792997764,2,57,135,1,0,0,0,2,2,0,0,0
792977628,2,67,135,1,0,2,0,0,0,0,0,0
792756860,2,67,135,1,0,1,1,1,0,0,0,0
792709473,2,58,135,1,0,6,0,0,0,0,0,0
792335292,2,61,135,1,2,1,0,3,1,1,1,1
792333726,2,64,135,1,0,1,2,2,1,0,1,0
792317378,2,63,135,1,0,1,28,37,0,0,0,0
792297615,2,62,135,1,0,1,0,0,1,0,0,0
792280089,2,64,135,1,0,0,0,0,0,0,0,0
792251886,2,69,135,1,1,1,1,2,0,0,0,0
792161069,2,78,135,1,1,7,1,1,2,0,2,0
792141201,2,61,135,1,0,3,0,0,1,0,1,0
792108802,2,59,135,1,0,2,0,0,0,0,0,0
792099594,2,83,135,1,0,1,0,0,0,0,0,0
791816562,2,61,135,1,0,0,1,2,0,0,0,0
791186784,2,60,135,1,8,4,0,0,0,0,8,1
791106153,2,58,135,1,77,0,13,16,1,21,1,21
791096402,2,78,135,1,0,0,0,0,0,0,0,0
790773155,2,56,135,1,4,1,0,1,0,0,3,2
790626564,2,59,135,1,0,1,0,0,0,0,0,0
790411091,2,68,135,1,0,2,0,0,0,0,0,0
790399984,2,57,135,1,0,0,0,0,0,0,0,0
790282229,2,58,135,1,2,0,0,0,0,0,0,0
790276352,2,61,135,1,0,0,0,0,0,0,0,0
790271112,2,58,135,1,0,1,0,1,0,0,0,0
790269764,2,71,135,1,0,1,0,0,0,0,0,0
789924095,2,63,135,1,0,0,0,0,0,0,0,0
789848775,2,61,135,1,5,0,0,1,32,0,0,0
789763017,2,61,135,1,2,0,0,0,6,12,8,7
789605055,2,56,135,1,8,0,10,12,2,0,1,0
789290071,2,85,135,1,0,0,0,0,0,0,0,0
788445323,2,56,135,1,0,0,0,1,0,0,0,0
788199397,2,64,135,1,0,1,0,0,0,0,0,0
788091473,2,58,135,1,0,0,0,0,0,0,0,0
787477811,2,61,135,1,0,0,1,1,0,0,0,0
787315016,2,58,135,1,0,0,0,0,0,0,0,0
787251989,2,69,135,1,0,0,0,0,0,0,0,0
787038653,2,58,135,1,0,0,0,0,0,0,0,0
786873201,2,74,135,1,1,0,0,0,1,0,1,0
786820337,2,67,135,1,0,1,0,0,0,0,0,0
786665817,2,69,135,1,0,1,1,1,0,0,0,0
786115073,2,75,135,1,0,0,0,0,1,0,1,0
785663743,2,60,135,1,0,0,0,0,0,0,0,0
785646838,2,60,135,1,0,0,1,1,0,0,0,0
785636759,2,55,135,1,9,1,0,2,0,0,0,0
785438683,2,57,135,1,24,0,0,0,2,0,0,0
785412626,2,56,135,1,0,0,0,0,0,0,0,0
784910192,2,74,135,1,0,0,0,0,0,0,0,0
784752233,2,55,135,1,0,1,0,2,1,0,1,0
784200838,2,74,135,1,31,0,0,0,7,38,14,102
784183837,2,58,135,1,0,1,0,0,0,0,0,0
784156031,2,67,135,1,0,0,0,0,0,0,0,0
784117073,2,58,135,1,0,2,0,1,0,0,0,0
784067550,2,55,135,1,0,0,0,1,0,0,0,0
783986208,2,62,135,1,36,9,0,2,2,12,1,12
783979083,2,63,135,1,29,2,44,53,0,0,0,0
783637254,2,56,135,1,0,0,0,1,0,0,0,0
783609149,2,57,135,1,0,0,0,0,0,0,0,0
783471988,2,58,135,1,3,3,5,8,1,0,1,0
783459010,2,65,135,1,0,2,0,0,0,0,0,0
783413952,2,78,135,1,0,2,0,0,0,0,0,0
783286187,2,61,135,1,1,2,0,0,1,0,1,0
782945235,2,60,135,1,0,0,3,6,0,0,0,0
782839952,2,55,135,1,0,0,3,3,0,0,0,0
782620756,2,56,135,1,0,0,0,0,0,0,0,0
782618739,2,62,135,1,1,0,0,0,0,0,0,0
782505035,2,56,135,1,0,0,0,0,0,0,0,0
782500053,2,70,135,1,73,1,11,17,2,22,1,21
782259052,2,60,135,1,0,1,0,0,0,0,0,0
782130793,2,65,135,1,0,2,1,1,0,0,0,0
782130332,2,78,135,1,2,0,0,0,0,0,0,0
782007710,2,55,135,1,0,0,0,1,0,0,0,0
781621358,2,57,135,1,6,1,0,0,0,0,0,0
781544252,2,55,135,1,11,4,2,8,11,2,12,5
781415777,2,60,135,1,0,3,0,0,1,0,1,0
781308364,2,74,135,1,1,0,0,1,1,0,0,0
781297101,2,58,135,1,1,2,0,0,1,0,0,0
781131268,2,66,135,1,0,0,0,0,1,0,0,0
780847073,2,75,135,1,0,0,0,0,0,0,0,0
780732884,2,60,135,1,46,1,0,0,3,4,1,4
780727552,2,63,135,1,1,2,0,0,1,0,2,0
780702977,2,62,135,1,0,0,1,1,0,0,0,0
780654824,2,71,135,1,8,3,12,17,0,0,0,0
780604806,2,66,135,1,3,0,18,32,0,0,0,0
780286575,2,59,135,1,0,3,0,0,0,0,0,0
779923419,2,63,135,1,0,0,0,0,0,0,0,0
779722173,2,64,135,1,0,4,0,0,0,0,0,0
779551692,2,57,135,1,0,1,0,0,0,0,0,0
779196488,2,66,135,1,2,0,2,6,1,1,1,1
779086731,2,55,135,1,6,5,0,0,2,4,2,4
779039168,2,63,135,1,0,0,0,0,0,0,0,0
778878413,2,59,135,1,0,2,0,0,0,0,0,0
778635394,2,66,135,1,3,0,4,31,2,1,1,1
778602173,2,59,135,1,0,0,0,0,0,0,0,0
778455735,2,64,135,1,0,2,0,0,1,0,1,0
778192966,2,73,135,1,13,0,0,0,0,0,0,0
778078068,2,63,135,1,0,2,0,0,0,0,0,0
777838811,2,64,135,1,8,0,6,8,0,0,0,0
777646405,2,64,135,1,3,2,3,3,0,0,0,0
777399193,2,63,135,1,0,1,3,3,1,0,1,0
776487029,2,63,135,1,0,0,0,1,1,0,1,0
776271838,2,72,135,1,0,0,0,0,0,0,0,0
775980900,2,63,135,1,52,1,1,1,2,13,13,13
775910162,2,62,135,1,0,0,0,0,1,4,1,4
775886568,2,69,135,1,1,0,0,0,1,0,1,0
775122574,2,65,135,1,24,1,3,3,9,1,1,1
775018872,2,60,135,1,0,0,5,6,5,0,1,0
774759810,2,67,135,1,0,0,0,0,1,0,1,0
773443481,2,68,135,1,1,0,0,1,1,0,1,0
773374827,2,57,135,1,72,4,4,30,2,0,2,0
773030866,2,76,135,1,0,0,0,0,0,0,0,0
772610834,2,60,135,1,0,0,0,0,0,0,0,0
772440533,2,62,135,1,0,1,0,0,1,1,1,1
772318156,2,100,135,1,8,1,0,0,1,1,1,1
772195554,2,61,135,1,1,0,0,0,0,0,0,0
771918828,2,61,135,1,0,0,0,0,0,0,0,0
771795715,2,69,135,1,1,0,0,0,1,0,2,0
771479719,2,63,135,1,1,0,0,1,1,0,1,0
770830577,2,58,135,1,0,0,0,0,0,0,0,0
770812499,2,66,135,1,0,0,0,1,2,2,1,2
770616772,2,73,135,1,0,1,0,0,0,0,0,0
770557733,2,62,135,1,0,1,0,0,0,0,0,0
770280553,2,55,135,1,0,0,0,1,0,0,0,0
770003307,2,60,135,1,0,0,0,0,0,0,0,0
769937144,2,60,135,1,0,0,0,0,0,0,0,0
769311499,2,67,135,1,0,0,0,0,0,0,0,0
769226500,2,60,135,1,0,0,0,0,0,0,0,0
768941279,2,59,135,1,1,4,0,0,1,2,1,2
768740755,2,65,135,1,0,0,0,1,1,0,1,0
768183440,2,69,135,1,0,1,4,5,0,0,0,0
767938691,2,61,135,1,0,2,0,1,1,1,1,1
767876254,2,67,135,1,0,0,0,0,0,0,0,0
767763937,2,60,135,1,128,1,2,3,1,4,13,4
767338537,2,64,135,1,0,2,0,3,0,0,0,0
767095566,2,57,135,1,0,0,0,0,1,0,0,0
767079282,2,60,135,1,0,0,0,0,0,0,0,0
766893307,2,79,135,1,0,0,0,0,0,0,0,0
766823931,2,62,135,1,0,3,0,1,0,0,0,0
766822342,2,63,135,1,0,2,0,0,0,0,0,0
766796612,2,61,135,1,0,8,0,0,1,0,1,0
766668375,2,65,135,1,1,1,0,0,0,0,0,0
766189006,2,61,135,1,4,0,2,3,3,5,4,7
765785163,2,74,135,1,5,2,0,0,1,0,1,0
765476728,2,55,135,1,43,4,0,1,1,6,2,15
765210281,2,63,135,1,0,5,4,5,0,0,0,0
765048591,2,63,135,1,0,2,1,1,0,0,0,0
764696935,2,68,135,1,0,2,0,0,1,0,1,0
764599571,2,60,135,1,0,1,0,0,1,0,1,0
763685192,2,59,135,1,0,0,0,0,0,0,0,0
763595100,2,70,135,1,0,0,1,1,0,0,0,0
763407839,2,62,135,1,114,30,8,14,35,533,100,560
762023791,2,74,135,1,23,2,0,0,3,8,1,6
761716831,2,71,135,1,16,6,0,0,1,2,1,2
760116059,2,58,135,1,2,0,0,0,0,0,0,0
759666416,2,66,135,1,3,0,10,26,12,0,13,0
757193821,2,64,135,1,2505,73,59,83,100,557,100,175
756459313,2,57,135,1,69,20,9,17,0,0,1,2
755723139,2,62,135,1,59,4,327,407,100,3,2,22
755628828,2,66,135,1,0,1,0,0,0,0,0,0
755586018,2,55,135,1,0,0,0,0,0,0,0,0
755303323,2,69,135,1,0,1,0,0,0,0,0,0
755240353,2,63,135,1,1,1,0,1,0,0,0,0
753966675,2,62,135,1,28,4,22,27,0,0,1,1
752381631,2,58,135,1,0,3,0,0,1,1,1,1
752118513,2,70,135,1,0,0,0,0,0,0,0,0
751704941,2,58,135,1,0,2,0,0,0,0,0,0
751569034,2,68,135,1,12,0,4,5,7,9,14,5
751339802,2,67,135,1,0,1,0,0,1,0,1,0
750528349,2,56,135,1,25,0,43,60,14,6,4,1
750075560,2,58,135,1,0,0,0,0,0,0,0,0
749962114,2,67,135,1,0,0,1,1,0,0,0,0
749468509,2,61,135,1,0,3,0,0,0,0,0,0
749098164,2,57,135,1,0,0,0,0,0,0,1,1
748252587,2,76,135,1,20,1,1,3,59,10,1,0
748151247,2,58,135,1,0,0,0,0,1,0,0,0
747720819,2,58,135,1,54,3,4,8,1,0,0,0
747427004,2,57,135,1,24,0,8,15,6,22,7,25
747174491,2,61,135,1,1,0,0,0,0,0,0,0
747062014,2,65,135,1,77,1,5,5,1,0,1,3
746341870,2,59,135,1,5,5,0,1,1,2,1,2
746187196,2,64,135,1,0,2,0,0,0,0,0,0
745464498,2,57,135,1,0,3,0,1,1,2,1,2
745369175,2,74,135,1,0,2,0,0,0,0,0,0
745149789,2,79,135,1,0,0,0,0,1,0,1,0
744788933,2,59,135,1,7,1,2,2,0,0,0,0
743988666,2,55,135,1,1,3,0,2,1,0,1,0
743438735,2,67,135,1,3,4,0,0,0,0,0,0
742945372,2,63,135,1,0,0,3,4,0,0,0,0
742853996,2,63,135,1,0,0,0,1,0,0,0,0
742816216,2,63,135,1,2,1,2,2,0,0,0,0
742476421,2,60,135,1,4,1,1,4,1,0,5,1
742356259,2,76,135,1,0,0,0,0,1,1,1,1
742251044,2,59,135,1,0,0,0,0,0,0,0,0
741700061,2,61,135,1,0,0,0,1,0,0,0,0
741567706,2,56,135,1,1,0,0,1,0,0,0,0
741371263,2,61,135,1,2,0,0,0,0,0,0,0
741076785,2,60,135,1,0,0,2,2,0,0,0,0
741009024,2,59,135,1,0,0,0,0,0,0,0,0
740967654,2,61,135,1,31,0,0,2,7,14,1,4
740925346,2,76,135,1,0,0,1,2,0,0,0,0
740836305,2,58,135,1,30,0,3,5,2,0,9,4
740812139,2,65,135,1,22,2,0,1,0,0,0,0
740608790,2,55,135,1,18,8,0,0,2,7,1,6
740498608,2,66,135,1,3294,75,48,82,100,63,3,46
740340158,2,57,135,1,0,0,0,0,0,0,0,0
740038024,2,61,135,1,0,2,0,0,1,2,1,2
739702743,2,57,135,1,9,3,0,1,0,0,0,0
739691017,2,68,135,1,0,1,0,0,0,0,0,0
739592913,2,56,135,1,2,1,0,0,1,0,1,0
739499825,2,58,135,1,10000,616,17,37,100,20892,100,7929
739412020,2,70,135,1,61,11,2,5,4,15,1,15
739328309,2,62,135,1,0,3,1,1,0,0,0,0
739259738,2,68,135,1,0,0,0,0,1,0,0,0
739055330,2,56,135,1,27,10,0,1,1,8,1,8
739050108,2,63,135,1,0,0,0,0,3,0,5,0
738417911,2,64,135,1,8,0,5,8,0,0,2,1
737948561,2,55,135,1,0,1,0,0,1,1,1,1
737411718,2,56,135,1,9,1,1,1,2,4,3,5
737357211,2,66,135,1,39,7,87,117,3,17,3,15
737294452,2,58,135,1,0,0,0,0,0,0,0,0
737274516,2,56,135,1,62,5,31,94,3,9,7,12
737234756,2,66,135,1,0,1,0,0,0,0,0,0
737221766,2,55,135,1,0,2,0,0,0,0,0,0
736943500,2,73,135,1,7,0,12,14,0,0,0,0
736921310,2,61,135,1,0,0,0,0,3,0,2,0
736188130,2,64,135,1,0,0,0,0,0,0,0,0
736152586,2,68,135,1,103,1,6,12,4,31,2,30
736014013,2,58,135,1,0,0,0,0,0,0,0,0
735779770,2,62,135,1,13,4,0,0,1,4,1,4
735605886,2,65,135,1,1,1,0,0,0,0,0,0
734273105,2,58,135,1,78,3,35,61,1,4,1,4
734195673,2,56,135,1,0,1,2,3,0,0,1,0
734127783,2,67,135,1,0,0,3,4,0,0,0,0
734117967,2,71,135,1,3,5,2,4,3,5,3,5
733915777,2,63,135,1,0,0,1,2,0,0,0,0
733403825,2,61,135,1,0,0,0,0,0,0,0,0
731797952,2,56,135,1,0,3,0,0,0,0,0,0
731586090,2,55,135,1,9,5,0,0,0,0,0,0
731570897,2,59,135,1,0,1,2,4,0,0,1,0
731532485,2,63,135,1,0,0,1,1,0,0,0,0
731183864,2,69,135,1,13,3,3,3,0,0,0,0
730943469,2,64,135,1,37,3,2,4,0,0,0,0
730937629,2,70,135,1,20,14,7,17,3,10,1,4
730883838,2,65,135,1,2,0,0,0,1,0,1,0
729331436,2,56,135,1,0,1,0,0,0,0,0,0
729329763,2,58,135,1,0,3,0,0,0,0,0,0
729304274,2,63,135,1,0,0,0,0,0,0,0,0
729289895,2,58,135,1,0,2,0,0,0,0,0,0
729141505,2,64,135,1,3,1,2,8,0,0,0,0
722938738,2,74,135,1,6,1,0,2,0,0,0,0
722654678,2,57,135,1,0,3,1,1,0,0,0,0
722589249,2,56,135,1,10,2,19,42,3,1,100,1
722278222,2,56,135,1,1,2,21,26,0,0,0,0
721863878,2,62,135,1,1,2,13,26,0,0,0,0
721125394,2,67,135,1,0,8,0,0,0,0,0,0
720892701,2,55,135,1,0,2,0,0,0,0,0,0
719555355,2,58,135,1,176,3,0,0,100,11,4,0
717541210,2,74,135,1,6,0,4,5,0,0,0,0
717465758,2,63,135,1,1,0,1,4,0,0,0,0
717343864,2,65,135,1,50,1,16,24,1,13,1,13
716885811,2,56,135,1,0,1,1,2,0,0,0,0
716054171,2,66,135,1,0,1,0,0,0,0,0,0
715948460,2,58,135,1,0,0,0,0,0,0,0,0
715419837,2,61,135,1,0,0,1,2,0,0,0,0
715304912,2,59,135,1,0,4,0,0,0,0,0,0
714936566,2,76,135,1,0,4,0,1,0,0,0,0
714930525,2,55,135,1,0,0,0,0,0,0,0,0
714685784,2,64,135,1,0,0,0,0,0,0,0,0
714231422,2,63,135,1,0,0,0,0,0,0,0,0
714087828,2,55,135,1,0,1,2,3,0,0,0,0
713923106,2,55,135,1,94,6,6,14,100,226,21,199
713672975,2,66,135,1,9,3,1,3,4,7,7,8
713264678,2,64,135,1,98,5,26,32,2,20,1,18
712894039,2,70,135,1,2,2,0,0,0,0,0,0
712714754,2,56,135,1,45,3,1,2,1,1,1,1
712576170,2,56,135,1,16,10,0,2,0,0,0,0
712531865,2,58,135,1,0,0,0,0,0,0,0,0
712356469,2,86,135,1,304,11,1,4,28,37,6,27
712202068,2,61,135,1,0,0,0,0,0,0,0,0
712182366,2,65,135,1,0,10,2,2,2,7,0,0
712166160,2,65,135,1,4,1,0,0,0,0,0,0
712133626,2,70,135,1,0,0,0,0,0,0,0,0
712078014,2,55,135,1,6,1,2,3,0,0,0,0
711771405,2,61,135,1,14,1,3,6,0,0,0,0
711285471,2,63,135,1,3,2,1,1,2,0,1,0
711268385,2,57,135,1,0,9,0,0,0,0,0,0
711069474,2,63,135,1,0,1,1,1,0,0,0,0
710520922,2,64,135,1,0,1,0,0,0,0,0,0
710386519,2,56,135,1,3,2,0,0,0,0,0,0
710094001,2,66,135,1,0,0,0,0,0,0,0,0
709901193,2,76,135,1,0,0,0,0,1,0,0,0
709086823,2,62,135,1,0,4,0,0,1,3,1,3
709068497,2,63,135,1,0,1,1,2,0,0,0,0
709012343,2,62,135,1,20,0,1,1,0,0,0,0
708750972,2,56,135,1,1,0,2,5,0,0,0,0
708627425,2,62,135,1,0,2,0,0,1,0,1,0
708513981,2,55,135,1,0,2,0,0,0,0,0,0
708490839,2,67,135,1,1,0,2,2,0,0,0,0
708041060,2,67,135,1,6,1,1,1,0,0,0,0
707558434,2,56,135,1,0,2,1,2,0,0,0,0
707367491,2,68,135,1,0,3,0,1,0,0,0,0
707197150,2,69,135,1,20,0,1,3,0,0,0,0
706689760,2,58,135,1,10,1,0,0,0,0,0,0
706671953,2,58,135,1,0,1,0,0,0,0,0,0
706450351,2,58,135,1,0,0,1,1,0,0,0,0
705492448,2,69,135,1,48,12,7,8,0,0,0,0
705362261,2,68,135,1,1,3,7,7,0,0,0,0
704921605,2,67,135,1,0,6,0,0,0,0,0,0
704736915,2,56,135,1,0,2,0,0,0,0,0,0
704721396,2,60,135,1,0,0,0,0,0,0,0,0
704658492,2,63,135,1,0,0,3,10,0,0,0,0
704584207,2,68,135,1,0,2,0,0,0,0,0,0
704365509,2,69,135,1,27,6,2,14,22,137,20,131
704282797,2,55,135,1,18,0,4,5,1,0,0,0
704261381,2,68,135,1,0,0,0,0,0,0,0,0
703724406,2,58,135,1,0,2,0,0,0,0,0,0
703710611,2,60,135,1,3,1,0,0,0,0,0,0
703666371,2,94,135,1,1,0,0,0,0,0,0,0
703494207,2,69,135,1,54,2,1,1,0,0,0,0
703284068,2,56,135,1,10,6,15,21,12,3,0,0
703143896,2,100,135,1,14,15,61,69,0,0,1,2
702187224,2,70,135,1,2,0,3,4,1,0,0,0
701643273,2,68,135,1,0,0,4,4,0,0,0,0
700744818,2,61,135,1,0,6,0,1,2,1,1,1
700280261,2,55,135,1,68,0,123,185,100,1,1,0
700130943,2,55,135,1,0,2,2,3,0,0,0,0
699919764,2,63,135,1,0,1,0,0,0,0,0,0
699657292,2,55,135,1,0,3,0,0,0,0,0,0
699639796,2,61,135,1,0,0,0,0,12,2,95,0
699557641,2,56,135,1,0,0,0,0,0,0,0,0
699534537,2,61,135,1,0,0,0,0,0,0,0,0
699231164,2,68,135,1,3,4,24,32,5,5,4,3
699205942,2,65,135,1,292,3,1,3,0,0,0,0
699100286,2,63,135,1,0,4,0,0,0,0,0,0
699072862,2,57,135,1,6,22,0,0,3,6,1,4
698830954,2,61,135,1,0,4,0,1,0,0,0,0
698771779,2,59,135,1,1,2,1,1,0,0,0,0
698293609,2,58,135,1,3,10,1,1,0,0,0,0
697961176,2,65,135,1,65,8,4,5,0,0,0,0
697956170,2,64,135,1,0,0,0,0,0,0,0,0
697803984,2,60,135,1,3,1,0,0,0,0,0,0
697392727,2,56,135,1,371,12,257,481,6,21,6,23
697334277,2,62,135,1,0,0,0,0,0,0,0,0
697259642,2,65,135,1,72,10,0,0,5,71,19,154
697189882,2,74,135,1,17,6,7,12,3,4,9,11
697072321,2,56,135,1,0,1,0,0,0,0,0,0
696571190,2,62,135,1,1,0,0,1,0,0,0,0
696441088,2,64,135,1,6,2,1,4,1,0,1,0
696335459,2,61,135,1,0,1,0,0,0,0,0,0
696272036,2,74,135,1,0,0,0,0,0,0,0,0
696105034,2,63,135,1,0,0,0,0,0,0,0,0
696096894,2,64,135,1,0,0,0,0,0,0,0,0
695673443,2,66,135,1,12,7,0,0,4,0,0,0
695563164,2,58,135,1,80,7,4,8,0,0,0,0
694606632,2,69,135,1,12,6,3,4,1,3,1,3
694199096,2,56,135,1,7,7,2,4,1,1,0,0
693830111,2,65,135,1,14,9,13,23,3,8,2,10
693689288,2,55,135,1,61,7,3,7,1,0,1,0
693684779,2,67,135,1,6,1,2,2,0,0,0,0
693582212,2,67,135,1,0,0,0,0,0,0,0,0
693489687,2,70,135,1,23,2,2,5,9,21,3,14
693407219,2,70,135,1,0,0,0,2,0,0,0,0
693173669,2,61,135,1,1,11,1,1,0,0,0,0
692415581,2,64,135,1,3,6,6,8,0,0,0,0
692002519,2,68,135,1,0,1,168,318,2,2,1,2
691712903,2,69,135,1,0,0,0,0,0,0,0,0
691652583,2,66,135,1,0,2,0,0,0,0,0,0
691587544,2,58,135,1,18,4,0,0,0,0,0,0
691085908,2,58,135,1,330,0,5,8,34,13,46,12
691080983,2,73,135,1,0,1,0,0,0,0,0,0
690934118,2,67,135,1,0,0,0,0,0,0,0,0
690529548,2,71,135,1,99,6,32,47,1,0,0,0
689837210,2,65,135,1,0,2,0,1,0,0,0,0
689687974,2,61,135,1,0,1,0,1,0,0,0,0
689540661,2,59,135,1,0,4,0,1,0,0,0,0
689259355,2,69,135,1,17,1,0,0,0,0,0,0
689153771,2,60,135,1,0,0,0,0,0,0,0,0
688815444,2,62,135,1,13,4,1,2,0,0,0,0
688474658,2,72,135,1,19,1,2,5,0,0,0,0
688198629,2,63,135,1,0,0,0,1,0,0,0,0
688053029,2,72,135,1,42,0,40,42,1,16,1,16
687420238,2,59,135,1,8,10,5,6,1,7,1,8
687411278,2,55,135,1,0,2,0,0,0,0,0,0
687233454,2,63,135,1,0,1,0,0,0,0,0,0
686725560,2,62,135,1,0,3,0,0,0,0,0,0
686702389,2,61,135,1,54,4,3,6,2,7,1,7
686515934,2,61,135,1,0,0,0,0,0,0,0,0
686500925,2,57,135,1,57,11,6,12,0,0,0,0
686221104,2,67,135,1,0,1,0,0,0,0,0,0
686209959,2,62,135,1,0,0,0,0,0,0,0,0
685993996,2,66,135,1,55,7,34,42,0,0,0,0
684750312,2,68,135,1,0,0,1,2,1,1,1,1
684582947,2,55,151,1,0,2,1,2,0,0,0,0
684233621,2,64,135,1,36,1,0,1,1,0,0,0
684218886,2,59,135,1,0,1,0,1,0,0,0,0
684213860,2,62,135,1,1,1,0,0,0,0,0,0
684027141,2,65,135,1,25,2,0,0,0,0,0,0
684016559,2,69,135,1,1,0,0,0,0,0,0,0
683950633,2,55,135,1,0,2,0,3,0,0,0,0
683585073,2,68,135,1,0,2,0,0,0,0,0,0
683033166,2,66,135,1,63,8,2,3,1,17,1,17
682833249,2,68,135,1,18,2,2,3,0,0,0,0
682223196,2,67,135,1,597,0,215,549,100,414,15,26
682021359,2,62,135,1,0,0,0,0,0,0,0,0
681757467,2,65,135,1,1,1,0,0,0,0,0,0
681018852,2,63,135,1,0,0,0,0,0,0,0,0
680664745,2,59,135,1,34,7,2,2,1,0,1,0
680372986,2,65,135,1,55,6,0,1,0,0,0,0
679286134,2,64,135,1,0,0,0,0,0,0,0,0
679246915,2,55,135,1,1,2,8,14,0,0,0,0
679224286,2,64,135,1,20,2,1,1,3,17,6,18
679211050,2,61,135,1,6,0,0,0,0,0,0,0
678716911,2,60,135,1,0,1,0,0,0,0,0,0
678478984,2,59,135,1,0,0,0,0,0,0,0,0
678320850,2,82,135,1,6,0,0,0,0,0,0,0
677804757,2,62,135,1,0,0,0,0,0,0,0,0
677648265,2,67,135,1,0,6,0,0,0,0,0,0
677562401,2,72,135,1,1,6,1,1,0,0,0,0
677560846,2,64,135,1,24,6,21,27,3,0,0,0
677236227,2,68,135,1,0,2,0,0,0,0,0,0
677097449,2,69,135,1,10,1,3,14,0,0,0,0
676691077,2,56,135,1,3,1,1,1,0,0,0,0
676639785,2,58,135,1,4,0,1,1,1,0,0,0
676582774,2,67,135,1,0,1,0,0,0,0,0,0
676321515,2,78,135,1,17,0,0,0,0,0,0,0
676263774,2,56,135,1,0,7,0,0,0,0,0,0
675321835,2,62,135,1,31,2,0,1,1,10,1,10
674678500,2,59,135,1,0,0,0,0,0,0,0,0
674071868,2,57,135,1,8,2,1,2,1,1,0,0
673854297,2,60,135,1,1,2,40,66,0,0,0,0
673838903,2,66,135,1,0,1,0,0,0,0,0,0
672865705,2,69,135,1,0,1,0,0,0,0,0,0
672849474,2,61,135,1,15,4,1,1,0,0,0,0
672445753,2,57,135,1,0,1,2,2,0,0,0,0
672437029,2,58,135,1,0,0,0,0,0,0,0,0
671700603,2,57,135,1,0,0,0,0,0,0,0,0
671449313,2,55,135,1,0,1,0,0,0,0,0,0
671140179,2,74,135,1,10,0,0,1,0,0,0,0
670781849,2,55,135,1,11,2,0,0,0,0,0,0
670685078,2,59,135,1,22,7,2,2,0,0,0,0
670654158,2,60,135,1,0,1,0,0,0,0,0,0
670438606,2,60,135,1,176,2,33,42,1,2,0,0
670378063,2,55,135,1,73,7,13,29,1,2,1,2
670105481,2,56,135,1,0,0,0,0,0,0,0,0
670073067,2,57,135,1,78,9,23,30,11,123,30,222
669772835,2,68,135,1,3,2,2,3,0,0,0,0
669483591,2,55,135,1,0,8,0,0,0,0,0,0
669174481,2,57,135,1,0,1,0,3,0,0,0,0
668959661,2,58,135,1,0,1,0,0,0,0,0,0
666150740,2,69,135,1,19,0,1,1,4,7,8,7
665946012,2,64,135,1,26,2,1,4,0,0,0,0
665442909,2,58,135,1,0,2,0,0,0,0,0,0
664963028,2,69,135,1,0,2,0,0,0,0,0,0
664939663,2,62,135,1,3,0,0,1,0,0,0,0
664863500,2,61,135,1,10,2,0,0,0,0,1,1
664660174,2,71,135,1,0,1,4,4,0,0,0,0
664412096,2,56,135,1,0,2,0,0,0,0,0,0
663904490,2,68,135,1,272,0,1,15,1,7,3,10
663854351,2,64,135,1,0,0,3,3,0,0,0,0
663716883,2,72,135,1,38,0,23,30,90,58,6,7
663446688,2,56,135,1,0,0,0,0,0,0,0,0
663167317,2,65,135,1,16,4,0,0,0,0,0,0
663070142,2,56,135,1,0,1,0,0,0,0,0,0
662712797,2,66,135,1,0,1,0,0,0,0,0,0
662665916,2,73,135,1,35,5,0,0,0,0,0,0
662190563,2,56,135,1,13,6,4,11,0,0,0,0
662130363,2,59,135,1,2,0,4,8,0,0,0,0
662087909,2,64,135,1,0,2,0,0,0,0,0,0
661923955,2,57,135,1,0,0,0,0,0,0,0,0
661628670,2,76,135,1,3,5,0,0,0,0,0,0
661506824,2,64,135,1,0,0,0,0,0,0,0,0
661345246,2,64,135,1,0,1,0,0,0,0,0,0
660671083,2,70,135,1,10,5,30,45,0,0,0,0
660629169,2,68,135,1,0,0,1,2,0,0,0,0
660622761,2,64,135,1,0,0,0,0,0,0,0,0
660246404,2,55,135,1,1,4,12,18,0,0,0,0
659917212,2,62,151,1,7,1,2,2,0,0,0,0
659853815,2,70,135,1,17,4,2,2,0,0,0,0
659848042,2,74,135,1,0,1,0,0,0,0,0,0
659815747,2,58,135,1,3,1,0,0,0,0,0,0
659716833,2,64,135,1,0,1,0,0,0,0,0,0
659629336,2,56,135,1,0,6,1,1,0,0,0,0
659580665,2,55,135,1,2,2,0,0,0,0,0,0
659368813,2,55,135,1,37,8,1,3,4,0,0,0
659233502,2,64,135,1,1,1,0,0,0,0,0,0
659227273,2,62,135,1,3,0,6,7,0,0,0,0
658892715,2,67,135,1,5,1,1,1,0,0,0,0
658820269,2,56,135,1,0,5,0,4,0,0,0,0
658494904,2,62,135,1,0,1,0,0,0,0,0,0
658489796,2,65,135,1,5,1,3,5,0,0,0,0
658189192,2,64,135,1,33,5,3,3,0,0,0,0
658123607,2,59,135,1,61,2,0,0,1,12,1,12
658046919,2,55,135,1,0,1,2,2,0,0,0,0
657427857,2,62,135,1,90,1,19,29,89,434,100,329
657382570,2,58,135,1,1,1,0,0,0,0,0,0
657237864,2,64,135,1,0,2,0,0,0,0,0,0
657173616,2,60,135,1,55,7,47,114,10,5,0,0
657127811,2,58,135,1,26,6,13,20,0,0,0,0
656907182,2,63,135,1,0,0,0,0,0,0,0,0
656903328,2,61,135,1,0,0,0,0,0,0,0,0
656623250,2,58,135,1,0,0,0,0,0,0,0,0
656403157,2,67,135,1,7,2,0,1,0,0,0,0
656363808,2,57,135,1,2,1,3,4,0,0,0,0
656340198,2,59,135,1,115,5,9,13,3,2,2,10
656037334,2,56,135,1,12,2,2,5,0,0,0,0
656031027,2,68,135,1,1,1,0,0,0,0,0,0
655942792,2,66,135,1,10,1,75,111,1,0,0,0
655804240,2,64,135,1,186,5,37,61,2,46,2,45
655319873,2,56,135,1,102,7,1,1,1,35,1,35
655311236,2,55,135,1,15,3,13,15,0,0,0,0
655198259,2,71,135,1,17,9,1,3,0,0,0,0
654698889,2,62,135,1,30,3,11,16,0,0,0,0
654540072,2,69,135,1,0,0,0,0,0,0,0,0
654378283,2,62,135,1,0,0,0,0,0,0,0,0
654240521,2,55,135,1,13,1,1,1,0,0,0,0
654082692,2,56,135,1,8,3,4,5,1,0,0,0
654026097,2,69,135,1,20,21,2,7,1,2,0,0
653996492,2,55,135,1,1,2,1,3,0,0,0,0
653716848,2,64,135,1,6,1,41,51,1,0,0,0
653437622,2,65,135,1,0,1,0,1,0,0,0,0
653410978,2,60,135,1,0,0,7,15,0,0,0,0
653150721,2,58,135,1,0,0,0,0,0,0,0,0
652937816,2,68,135,1,0,0,0,1,0,0,0,0
652436451,2,70,135,1,5,0,0,0,0,0,0,0
652378849,2,63,135,1,13,4,11,15,0,0,0,0
652364727,2,61,135,1,1,1,0,0,0,0,0,0
652364115,2,62,135,1,2,0,0,0,0,0,0,0
651936056,2,59,135,1,0,0,1,1,0,0,0,0
651492619,2,66,135,1,0,0,0,0,0,0,0,0
651490147,2,61,135,1,0,0,0,0,0,0,0,0
651411416,2,56,135,1,0,3,0,0,0,0,0,0
651159677,2,67,135,1,0,0,0,0,0,0,0,0
651029686,2,60,135,1,1,3,5,6,1,0,0,0
650674372,2,73,135,1,29,4,10,11,0,0,0,0
650566915,2,58,135,1,23,1,63,74,0,0,0,0
650434146,2,63,135,1,12,7,10,12,1,3,1,3
650314489,2,55,135,1,0,0,0,2,0,0,0,0
650196799,2,73,135,1,0,1,0,0,0,0,0,0
649766290,2,64,135,1,0,0,0,0,0,0,0,0
649682507,2,60,151,1,0,1,0,0,0,0,0,0
649649234,2,70,135,1,0,0,0,0,0,0,0,0
649452022,2,55,135,1,0,0,0,0,0,0,0,0
649427269,2,59,135,1,36,5,35,48,0,0,0,0
649267641,2,59,135,1,0,1,0,0,0,0,0,0
648935339,2,73,135,1,0,0,0,0,0,0,0,0
648727772,2,63,135,1,32,1,2,3,0,0,0,0
648428093,2,56,135,1,2,2,1,4,0,0,0,0
648065265,2,64,135,1,0,0,0,0,0,0,0,0
648009450,2,61,135,1,144,3,1,1,0,0,0,0
647975907,2,69,151,1,1,0,0,0,0,0,0,0
647631039,2,63,135,1,55,2,5,10,0,0,0,0
647538638,2,58,135,1,112,3,1,4,2,0,0,0
647296189,2,55,135,1,0,0,0,0,0,0,0,0
647099453,2,56,135,1,0,0,0,0,0,0,0,0
647094057,2,63,135,1,44,7,2,4,0,0,0,0
646851944,2,63,135,1,9,11,0,0,0,0,0,0
646824072,2,65,135,1,141,8,20,29,0,0,0,0
646645495,2,57,135,1,0,0,0,0,0,0,0,0
646596693,2,67,135,1,9,0,80,136,99,7,7,0
646443108,2,56,135,1,0,0,0,0,0,0,0,0
646391584,2,60,135,1,6,7,1,1,0,0,0,0
646018194,2,62,135,1,4,1,0,0,0,0,0,0
646004687,2,58,135,1,34,6,0,0,1,15,0,0
645964299,2,60,151,1,7,1,111,197,3,1,3,3
645858266,2,62,135,1,0,1,0,0,0,0,0,0
713857866,2,57,135,1,73,50,1,5,3,90,2,87
174934914,2,58,135,1,38,43,130,164,0,0,0,0
495887973,2,62,135,1,92,44,16,27,3,0,0,0
503708048,2,58,135,1,146,47,278,521,0,0,0,0
303126823,2,62,135,1,2632,180,3135,4989,52,493,5,103
535243926,2,62,135,1,43,36,28,33,1,0,0,0
17367702,2,57,135,1,6185,685,20,64,0,0,0,0
230799864,2,56,135,1,126,46,86,311,3,106,3,106
534339440,2,66,135,1,195,33,115,147,4,19,1,9
273105329,2,57,135,1,137,27,35,59,1,0,0,0
550318086,2,60,135,1,72,30,56,68,0,0,0,0
441228509,2,64,135,1,103,46,184,280,1,1,1,2
578361095,2,72,135,1,117,13,4,6,2,1,0,0
625195661,2,89,135,1,40,13,0,1,2,0,0,0
393135055,2,64,151,1,9198,3933,138,857,32,1096,33,697
37405171,2,57,135,1,577,123,65,708,100,337,19,433
263328410,2,63,135,1,40,19,27,43,15,19,6,32
360336170,2,55,135,1,315,78,400,644,86,119,21,55
657619827,2,56,135,1,8,6,11,21,2,0,0,0
195923286,2,61,135,1,109,89,30,48,0,0,0,0
440886917,2,62,135,1,189,17,11,34,0,0,0,0
131514778,2,58,135,1,1186,291,8,33,34,0,73,2
228798883,2,60,135,1,246,31,12,22,14,328,19,332
272910117,2,57,135,1,49,38,9,26,0,0,0,0
131651461,2,56,135,1,63,45,3,8,0,0,0,0
277283791,2,60,135,1,105,55,78,99,0,0,0,0
526218585,2,65,135,1,61,12,32,38,2,22,5,37
4864197,2,58,135,1,223,106,244,503,6,3,0,0
590835873,2,69,135,1,11,7,7,8,0,0,0,0
458549268,2,72,135,1,54,25,6,12,0,0,0,0
276210756,2,58,135,1,49,24,1,5,0,0,0,0
470841945,2,55,135,1,17,23,132,154,0,0,0,0
174296774,2,78,135,1,62,24,18,25,0,0,0,0
754254938,2,63,135,1,87,3,21,36,2,0,2,12
446390893,2,55,135,1,92,17,4,7,0,0,0,0
622213832,2,64,135,1,61,6,30,33,0,0,0,0
160167488,2,56,135,1,72,34,71,177,1,0,0,0
547597767,2,57,135,1,11,22,1,2,0,0,1,2
703261035,2,67,135,1,8,7,16,23,0,0,0,0
210608692,2,58,135,1,84,17,12,18,0,0,0,0
668406347,2,61,135,1,1,9,0,0,0,0,0,0
616213454,2,65,135,1,3,7,0,1,0,0,0,0
179858512,2,55,151,1,1754,789,1007,2165,64,597,60,192
596798403,2,67,135,1,133,15,17,31,0,0,0,0
29530844,2,55,135,1,212,77,66,111,10,4,0,0
187383415,2,64,135,1,97,23,51,73,2,3,1,1
193869914,2,59,135,1,517,109,37,121,15,26,0,0
466479921,2,58,135,1,223,17,6,8,0,0,0,0
228485041,2,57,135,1,75,23,3,8,0,0,0,0
424319468,2,57,135,1,314,28,15,43,0,0,0,0
451866558,2,62,135,1,76,16,17,26,2,1,0,0
8030892,2,65,135,1,59,36,6,16,6,12,0,0
511819819,2,76,135,1,7,11,2,4,0,0,0,0
479982549,2,60,135,1,13,14,11,27,0,0,2,2
170049290,2,67,135,1,63,40,11,16,0,0,1,2
728776293,2,65,135,1,1,5,0,0,0,0,0,0
85850805,2,56,135,1,184,47,43,73,30,117,1,3
308480020,2,74,135,1,42,27,49,72,80,276,13,271
584545494,2,55,135,1,18,4,2,6,0,0,0,0
236853826,2,67,135,1,14,54,434,832,0,0,0,0
32100473,2,67,135,1,142,25,4,14,7,146,3,135
274684538,2,56,135,1,121,46,14,32,1,3,0,0
526499995,2,71,135,1,5,7,4,6,0,0,0,0
634523264,2,70,135,1,9,5,5,14,0,0,0,0
366308905,2,57,135,1,173,17,3,11,4,111,20,121
194120008,2,59,135,1,44,37,6,6,1,0,0,0
537680479,2,62,135,1,17,3,2,6,0,0,1,0
267601704,2,57,135,1,34,20,13,21,0,0,0,0
64463730,2,60,151,1,600,116,186,250,99,1007,42,1078
323187033,2,64,135,1,21,12,58,70,2,0,1,2
168357221,2,65,135,1,22,38,143,178,0,0,0,0
217496972,2,68,135,1,120,15,11,17,26,368,21,363
744493371,2,58,135,1,16,3,0,0,1,0,1,0
178093684,2,61,135,1,74,38,127,173,0,0,0,0
161991013,2,62,135,1,26,56,3,9,0,0,0,0
606325352,2,57,135,1,44,11,11,12,0,0,0,0
139837777,2,61,135,1,37,32,18,20,0,0,0,0
163668168,2,67,135,1,1034,299,272,816,100,38,100,32
157480502,2,74,135,1,60,28,11,19,0,0,0,0
158301583,2,56,135,1,72,18,42,66,2,6,10,20
38017778,2,57,135,1,82,21,2,9,0,0,0,0
210552861,2,61,135,1,39,19,0,1,0,0,0,0
277380505,2,55,135,1,10,16,4,8,0,0,0,0
272871978,2,58,135,1,61,17,4,8,0,0,0,0
175074969,2,64,135,1,320,18,129,199,0,0,0,0
466358572,2,65,135,1,10,13,12,23,0,0,0,0
585637786,2,65,135,1,84,3,1,2,5,15,1,10
699626148,2,55,135,1,3,4,1,2,0,0,0,0
750804000,2,62,135,1,3,1,6,10,1,0,1,0
34347512,2,65,151,1,110,61,2,7,1,0,0,0
466854369,2,57,135,1,43,9,10,13,0,0,0,0
157774651,2,70,135,1,754,52,2991,4986,100,87,100,1335
198675400,2,58,135,1,78,15,11,27,7,101,5,121
240287568,2,64,135,1,31,17,7,13,0,0,0,0
208097618,2,92,135,1,207,111,111,171,0,0,0,0
456897731,2,74,135,1,77,14,18,28,3,2,0,0
263296380,2,65,135,1,146,9,15,21,0,0,0,0
183316721,2,61,135,1,9,11,0,0,0,0,0,0
271601365,2,63,135,1,1905,12,51,98,22,1379,100,1252
209263276,2,61,135,1,16,32,0,4,0,0,0,0
200581609,2,64,135,1,46,25,5,21,0,0,0,0
60169829,2,59,135,1,103,19,15,28,2,1,2,1
597212072,2,58,135,1,1,3,1,2,0,0,0,0
218714950,2,59,135,1,60,17,145,253,1,0,0,0
182484644,2,72,135,1,30,11,3,7,0,0,0,0
545675532,2,71,135,1,16,4,5,5,0,0,0,0
228579341,2,56,135,1,79,12,154,247,0,0,0,0
456173282,2,60,135,1,384,25,44,121,0,0,0,0
423066173,2,66,135,1,33,8,7,10,0,0,0,0
527013153,2,55,135,1,3,0,3,19,1,0,0,0
13392484,2,60,151,1,230,72,58,103,6,118,5,115
293859192,2,71,135,1,14,4,22,33,0,0,0,0
251470883,2,55,135,1,128,14,8,29,0,0,0,0
552007182,2,56,135,1,40,2,2,3,1,5,1,5
176521955,2,66,135,1,100,16,6,10,5,4,0,0
449637900,2,62,135,1,23,7,21,51,1,0,1,1
287590300,2,59,135,1,19,16,25,66,0,0,0,0
303906707,2,72,135,1,68,28,4,5,1,11,1,0
272687332,2,78,135,1,2,8,6,17,1,0,1,0
153561207,2,62,135,1,40,19,25,36,1,0,0,0
32438954,2,61,151,1,123,63,1,7,0,0,1,2
217468035,2,59,135,1,88,8,11,16,1,0,0,0
382524328,2,65,135,1,13,11,3,9,1,0,0,0
162933595,2,74,135,1,11,14,4,7,1,2,1,2
247451801,2,61,135,1,319,11,283,426,80,46,2,45
695839371,2,57,135,1,1,2,1,1,1,0,0,0
216431571,2,62,135,1,59,12,5,23,1,2,0,0
563403216,2,67,135,1,4,0,5,9,10,0,0,0
507637042,2,58,135,1,2,6,0,0,1,0,0,0
372552502,2,71,135,1,72,16,5,43,0,0,0,0
128007556,2,73,135,1,98,9,23,32,0,0,0,0
151745147,2,64,135,1,44,31,33,47,3,1,0,0
126239768,2,59,135,1,8,12,0,0,0,0,0,0
765904803,2,55,135,1,1,1,0,1,3,0,1,0
150564433,2,61,135,1,21,10,10,16,0,0,0,0
315378962,2,56,135,1,53,6,16,29,0,0,1,0
179868290,2,56,135,1,36,20,63,73,0,0,0,0
628662123,2,75,135,1,1,2,0,0,0,0,0,0
167241855,2,69,135,1,31,15,8,62,0,0,0,0
550870141,2,65,135,1,13,2,0,0,2,3,1,0
337887652,2,55,135,1,12,7,4,6,0,0,0,0
194450491,2,77,135,1,26,14,1,5,0,0,0,0
154836368,2,77,135,1,82,1,11,20,1,0,0,0
223901127,2,57,135,1,55,14,33,50,2,26,15,59
412600015,2,62,135,1,20,6,0,0,0,0,0,0
315200225,2,63,135,1,19,15,1,8,0,0,0,0
428265434,2,63,135,1,62,7,3,4,0,0,0,0
497933647,2,75,135,1,8,5,2,2,0,0,0,0
88270390,2,66,135,1,667,25,148,737,100,29,100,53
178780747,2,76,135,1,12,5,8,12,0,0,0,0
737734311,2,75,135,1,14,0,5,8,3,4,15,6
491885667,2,64,135,1,28,4,4,4,0,0,0,0
240208320,2,63,135,1,68,10,13,20,2,15,1,14
237290525,2,59,151,1,45,12,14,22,2,5,1,5
138294680,2,56,151,1,139,94,0,9,2,42,2,41
264175244,2,64,135,1,1,9,1,3,2,1,5,1
113237369,2,61,135,1,1002,7,28,157,12,131,2,101
74662432,2,66,135,1,103,20,15,227,0,0,0,0
278095703,2,61,135,1,23,8,2,3,0,0,0,0
152719415,2,66,151,1,141,9,38,58,0,0,0,0
410990657,2,70,135,1,11,6,0,6,0,0,0,0
272684539,2,64,135,1,1,10,17,23,0,0,0,0
532509052,2,63,135,1,2,25,3,6,0,0,0,0
355817250,2,55,135,1,9,8,1,3,0,0,0,0
187418742,2,66,135,1,9,10,8,12,0,0,0,0
318981794,2,69,151,1,4,3,6,9,2,0,0,0
238685015,2,61,135,1,91,5,31,44,1,0,0,0
475521462,2,61,135,1,20,4,4,12,0,0,0,0
228830079,2,70,135,1,19,15,3,7,0,0,0,0
176754871,2,63,135,1,375,44,25,43,1,0,0,0
152866064,2,70,135,1,7,10,47,70,0,0,0,0
297328283,2,69,135,1,7,10,1,1,0,0,0,0
235730135,2,65,135,1,68,34,3,27,0,0,0,0
38242283,2,63,135,1,55,19,2,12,0,0,0,0
276605586,2,63,135,1,7,32,1,4,0,0,0,0
210504575,2,73,135,1,49,3,9,12,0,0,0,0
285216402,2,56,151,1,168,29,10,31,1,7,1,9
263915086,2,62,135,1,22,18,6,9,0,0,0,0
211068013,2,73,135,1,4,5,0,0,0,0,0,0
241968202,2,62,135,1,36,26,6,17,0,0,0,0
290822648,2,58,151,1,309,9,0,1,0,0,0,0
189166581,2,70,135,1,1,4,0,0,0,0,0,0
517412184,2,61,135,1,38,4,1,2,0,0,0,0
357824400,2,73,135,1,6,6,1,1,1,0,0,0
341262237,2,55,151,1,202,14,0,4,0,0,0,0
167669814,2,59,135,1,67,26,0,7,0,0,0,0
502026167,2,62,135,1,30,3,3,13,0,0,0,0
199065455,2,58,135,1,24,10,1,1,0,0,0,0
331646947,2,57,135,1,23,21,84,114,0,0,0,0
490498533,2,95,135,1,1,3,5,6,0,0,0,0
7453691,2,60,135,1,10,16,0,3,0,0,0,0
239393384,2,82,135,1,32,29,0,7,0,0,0,0
141514851,2,58,135,1,10,31,2,3,0,0,0,0
321996727,2,57,135,1,191,5,17,48,6,9,0,0
246731035,2,57,135,1,88,19,4,9,2,1,0,0
202712515,2,75,135,1,23,10,5,6,6,4,0,0
187989548,2,66,135,1,98,47,9,24,1,2,0,0
180564959,2,82,135,1,27,23,3,12,2,0,0,0
482405406,2,59,135,1,115,0,14,16,2,0,0,0
132303164,2,66,135,1,59,30,1,3,11,39,5,26
362905796,2,56,135,1,7,6,5,11,0,0,0,0
156354879,2,71,151,1,55,23,2,12,0,0,0,0
81556945,2,64,135,1,119,23,6,19,0,0,0,0
173175521,2,60,151,1,21,17,2,10,0,0,0,0
174483987,2,59,135,1,23,20,1,13,0,0,0,0
127430898,2,58,135,1,30,22,15,53,0,0,0,0
352915955,2,61,135,1,3,10,0,0,0,0,0,0
164740499,2,55,135,1,13,16,2,6,0,0,0,0
463897122,2,68,135,1,1,3,6,18,0,0,0,0
316159075,2,66,135,1,5,5,3,12,1,0,0,0
588468493,2,63,135,1,41,5,19,25,0,0,0,0
591148266,2,78,135,1,1,1,1,1,0,0,0,0
116805768,2,78,151,1,8,21,3,16,0,0,0,0
409896372,2,55,135,1,3,2,1,2,0,0,0,0
208611089,2,56,135,1,101,6,2,8,1,0,0,0
157810684,2,100,135,1,63,11,0,2,0,0,0,0
313366573,2,70,135,1,27,4,0,4,0,0,0,0
184168994,2,65,135,1,3,17,4,13,0,0,0,0
96018012,2,56,135,1,2484,10,11,288,3,36,2,22
195576290,2,60,135,1,174,29,77,104,7,32,4,29
276471781,2,63,135,1,20,5,3,5,0,0,0,0
495170013,2,65,135,1,2,2,2,2,0,0,0,0
549759075,2,63,151,1,2,1,0,1,0,0,0,0
632405404,2,76,135,1,3,0,0,0,0,0,0,0
109124451,2,55,135,1,2,12,1,57,0,0,0,0
83145701,2,56,135,1,41,8,0,11,1,0,0,0
34162120,2,55,135,1,14,23,5,7,0,0,0,0
285780847,2,71,135,1,12,4,6,8,2,0,0,0
100252561,2,57,135,1,41,12,4,13,0,0,0,0
251370656,2,57,135,1,16,2,0,0,0,0,0,0
190599459,2,59,135,1,166,3,319,569,1,3,0,0
744652094,2,55,135,1,9,0,1,3,0,0,0,0
750313846,2,70,135,1,1,1,0,0,2,0,0,0
23614472,2,62,135,1,4,9,0,3,0,0,0,0
153388746,2,58,135,1,44,3,16,23,0,0,0,0
8601526,2,57,135,1,72,28,92,186,1,0,0,0
622591454,2,57,135,1,2,5,1,3,0,0,0,0
729310135,2,61,135,1,23,0,2,3,0,0,0,0
87143920,2,57,135,1,38,1,6,10,1,5,5,10
185885455,2,70,135,1,15,16,32,43,1,0,0,0
67412725,2,62,135,1,64,21,2,5,0,0,0,0
645421084,2,74,135,1,8,0,7,10,2,0,0,0
234635225,2,72,135,1,5,0,2,2,0,0,0,0
743750856,2,65,135,1,8,5,0,1,0,0,0,0
180835472,2,68,135,1,38,4,4,7,0,0,0,0
132271566,2,59,151,1,12,4,2,3,0,0,0,0
765456941,2,57,135,1,1,2,2,2,0,0,0,0
705456918,2,63,135,1,5,2,0,0,0,0,0,0
548316813,2,55,135,1,1,3,0,1,0,0,0,0
292497822,2,67,151,1,1,0,1,4,0,0,0,0
642776496,2,65,135,1,1,0,1,1,0,0,0,0
700138702,2,57,135,1,5,1,0,1,0,0,0,0
631126759,2,71,135,1,4,2,0,0,0,0,0,0
697647280,2,67,135,1,1,1,0,0,0,0,0,0
683297085,2,59,135,1,2,2,0,0,0,0,0,0
688597714,2,67,135,1,1,0,0,0,0,0,0,0
748896793,2,59,135,1,4,1,0,0,2,1,0,0
574318035,2,58,135,1,1,0,1,3,0,0,0,0
764174228,2,66,135,1,2,0,1,2,2,0,5,0
685526179,2,56,135,1,2,0,2,3,0,0,0,0
695420302,2,57,135,1,1,0,0,0,0,0,0,0
805833500,2,58,264,1,1,0,2,11,0,0,0,0
805752400,2,57,264,1,0,0,1,1,0,0,0,0
803820886,2,60,264,1,0,1,10,21,0,0,0,0
803441161,2,78,264,1,2,1,1,5,1,0,60,0
803050156,2,59,264,1,0,1,0,0,0,0,0,0
801940832,2,72,264,1,2,6,0,0,2,4,2,4
801844722,2,73,264,1,0,0,0,0,2,0,1,0
801366542,2,71,264,1,2,0,1,1,0,0,0,0
801292462,2,62,264,1,0,1,0,0,0,0,0,0
800585741,2,73,264,1,6,3,1,2,0,0,1,1
799652196,2,66,264,1,9,3,0,1,1,2,1,2
799490336,2,56,264,1,0,0,0,0,0,0,0,0
799347491,2,55,264,1,0,5,0,1,1,0,1,1
797127645,2,60,264,1,0,0,0,0,0,0,0,0
796407403,2,63,264,1,0,3,0,1,1,0,1,0
796306141,2,59,264,1,0,0,0,0,0,0,0,0
796250495,2,68,264,1,1,0,0,1,0,0,0,0
795418690,2,62,264,1,0,0,0,0,0,0,0,0
795142871,2,55,264,1,0,1,0,1,0,0,0,0
794282408,2,55,264,1,5,0,0,0,2,1,1,1
792465228,2,65,264,1,0,0,0,0,0,0,0,0
792087014,2,60,264,1,14,5,0,0,2,7,1,5
792065151,2,64,264,1,0,0,0,0,0,0,0,0
791829887,2,57,264,1,0,0,0,0,0,0,0,0
791391734,2,69,264,1,7,1,0,0,0,0,0,0
790894821,2,60,264,1,16,0,15,21,4,2,2,2
790761575,2,57,264,1,2,0,0,0,0,0,0,0
790733203,2,71,264,1,0,0,0,0,0,0,0,0
790249336,2,68,264,1,0,0,0,0,0,0,0,0
790120093,2,58,264,1,2,1,5,7,0,0,0,0
788368178,2,66,264,1,0,0,0,0,0,0,0,0
788194228,2,63,264,1,4,0,6,7,0,0,0,0
787489212,2,62,264,1,0,0,0,0,1,0,1,0
787171192,2,55,264,1,0,6,0,0,1,0,1,0
786218443,2,66,264,1,0,1,0,0,0,0,0,0
785928148,2,56,264,1,27,0,6,21,1,4,1,4
785623306,2,65,264,1,1,1,0,0,0,0,0,0
785622854,2,55,264,1,0,0,1,1,0,0,0,0
785372636,2,74,264,1,4,1,1,1,0,0,0,0
785245650,2,64,264,1,0,0,2,5,0,0,0,0
785164660,2,68,264,1,0,0,0,0,2,0,3,0
784993436,2,57,264,1,0,6,0,0,3,1,1,1
784597234,2,59,264,1,0,2,0,0,1,0,1,0
784428360,2,77,264,1,1,0,1,1,0,0,0,0
784412547,2,62,264,1,2,3,0,1,0,0,2,0
784352738,2,64,264,1,0,1,0,0,0,0,0,0
784059142,2,67,264,1,2,0,1,1,1,2,1,1
782878239,2,63,264,1,1,1,2,3,0,0,0,0
781544841,2,59,264,1,8,9,1,1,1,2,1,2
781337495,2,64,264,1,0,0,0,0,0,0,0,0
780710350,2,55,264,1,4,1,0,0,1,0,0,0
780340565,2,61,264,1,1,1,0,0,3,2,1,1
780208531,2,63,264,1,0,2,4,12,0,0,0,0
779894332,2,61,264,1,6,2,0,0,9,16,14,16
779668385,2,58,264,1,0,1,0,0,1,0,1,0
779199646,2,68,264,1,0,0,0,0,0,0,0,0
779030916,2,67,264,1,4,0,12,13,0,0,0,0
778870858,2,78,264,1,0,1,5,13,0,0,0,0
777703988,2,60,264,1,0,1,0,0,0,0,0,0
777017739,2,59,264,1,94,49,1,2,0,0,1,10
776460303,2,59,264,1,0,2,0,0,0,0,0,0
776321018,2,59,264,1,0,0,0,0,0,0,0,0
776175809,2,61,264,1,0,1,0,1,1,0,0,0
775436909,2,64,264,1,0,0,5,10,0,0,0,0
775295493,2,74,264,1,0,1,1,1,0,0,0,0
774072476,2,61,264,1,2,0,0,0,0,0,0,0
773929983,2,66,264,1,0,0,2,2,0,0,0,0
773697965,2,62,264,1,0,2,0,0,0,0,0,0
771594664,2,66,264,1,0,0,0,0,1,0,1,0
771593639,2,63,264,1,0,0,0,0,0,0,0,0
770327722,2,67,264,1,0,0,0,0,0,0,0,0
770173811,2,58,264,1,0,0,0,0,0,0,0,0
769567344,2,67,264,1,0,0,0,0,0,0,0,0
767661573,2,68,264,1,0,2,0,0,0,0,0,0
767581015,2,59,264,1,0,0,0,0,0,0,0,0
766874918,2,55,264,1,0,1,1,1,0,0,0,0
766818146,2,68,264,1,10,1,0,0,4,0,0,0
766725072,2,81,264,1,0,0,0,0,0,0,0,0
765510468,2,57,264,1,0,0,0,0,0,0,0,0
765105980,2,65,264,1,0,0,0,0,0,0,0,0
765105941,2,66,264,1,0,0,0,0,0,0,0,0
765029730,2,62,264,1,3,2,3,6,1,1,1,2
765008422,2,58,264,1,1,2,10,16,1,1,11,0
764737673,2,63,264,1,0,3,1,1,0,0,0,0
764488633,2,56,264,1,85,0,7,12,0,0,0,0
763831112,2,65,264,1,2,3,0,0,1,0,0,0
763814308,2,58,264,1,0,1,0,0,0,0,0,0
761609929,2,68,264,1,43,3,14,15,4,45,3,43
758984581,2,63,264,1,0,1,0,0,1,0,1,0
757447412,2,77,264,1,8,3,14,21,0,0,0,0
755267500,2,55,264,1,0,0,0,0,0,0,0,0
754967928,2,73,264,1,0,1,0,0,1,1,1,1
754954177,2,74,264,1,2,0,1,2,1,0,1,0
754143839,2,58,264,1,1,9,4,8,1,3,1,3
753509121,2,65,264,1,0,0,0,0,0,0,0,0
751491426,2,57,264,1,0,0,4,4,0,0,0,0
750498844,2,67,264,1,3,0,2,2,8,0,2,0
749428784,2,58,264,1,0,4,1,5,2,0,2,0
748624712,2,60,264,1,0,2,0,0,0,0,0,0
748003115,2,62,264,1,15,1,7,10,5,62,7,77
747776378,2,69,264,1,0,0,1,1,0,0,0,0
747201689,2,58,264,1,2,0,2,2,1,0,2,0
746039403,2,60,264,1,0,6,0,0,1,1,1,1
744648589,2,60,264,1,3,0,22,53,0,0,0,0
743531016,2,70,264,1,15,4,0,0,4,6,35,7
742502216,2,69,264,1,18,1,0,1,0,0,2,4
741571785,2,75,264,1,7,4,0,0,1,3,1,1
741195159,2,63,264,1,0,0,0,1,0,0,0,0
740556495,2,60,264,1,0,2,0,0,1,0,1,0
740234516,2,64,264,1,0,4,0,0,0,0,0,0
739269029,2,59,264,1,0,4,0,0,0,0,0,0
739002000,2,58,264,1,0,3,0,0,1,2,1,2
737933662,2,59,264,1,25,7,27,40,15,23,4,17
735864004,2,73,264,1,1,1,0,0,1,0,1,0
733860797,2,68,264,1,20,10,0,0,5,25,21,27
732948350,2,60,264,1,0,2,0,0,0,0,0,0
731865325,2,65,264,1,10,4,0,0,0,0,0,0
731780421,2,96,264,1,94,6,7,11,6,32,5,27
731656976,2,59,264,1,7,0,0,3,0,0,1,0
731621933,2,55,264,1,1,0,2,2,0,0,0,0
730587293,2,55,264,1,1,3,0,0,0,0,0,0
730580337,2,73,264,1,5,0,0,0,0,0,0,0
730448349,2,56,264,1,0,0,3,7,2,0,0,0
729778427,2,65,264,1,0,3,0,0,0,0,0,0
729398345,2,68,264,1,30,27,15,23,100,192,5,10
719337007,2,66,264,1,0,1,0,0,0,0,0,0
719116905,2,69,264,1,0,2,3,6,0,0,0,0
718643701,2,57,264,1,0,3,0,0,0,0,0,0
715853978,2,64,264,1,0,0,0,0,0,0,0,0
715401909,2,55,264,1,0,3,2,3,2,1,1,1
714653781,2,57,264,1,0,3,0,0,0,0,0,0
714465813,2,69,264,1,0,0,0,0,0,0,0,0
713757129,2,63,264,1,0,0,0,0,0,0,0,0
713522929,2,67,151,1,0,3,0,0,0,0,0,0
713421539,2,58,264,1,86,2,5,9,1,10,0,0
712967845,2,68,264,1,0,2,0,0,1,0,1,0
711882017,2,70,264,1,22,7,1,2,1,0,0,0
711858883,2,66,264,1,0,1,0,0,0,0,0,0
710972243,2,64,264,1,0,0,0,0,0,0,0,0
709515968,2,55,264,1,0,6,0,0,0,0,0,0
708466928,2,66,264,1,14,0,1,2,0,0,0,0
706836166,2,66,264,1,0,0,0,0,0,0,0,0
706742277,2,56,264,1,0,0,0,0,0,0,0,0
706626520,2,60,264,1,5,8,0,0,0,0,0,0
706326057,2,63,264,1,11,11,1,2,0,0,0,0
706177061,2,73,264,1,0,0,0,0,0,0,0,0
705944786,2,61,264,1,0,1,0,0,0,0,0,0
705881720,2,55,264,1,6,0,2,5,2,0,0,0
705334969,2,66,264,1,1,0,1,1,0,0,0,0
705112765,2,57,264,1,0,0,0,0,0,0,0,0
704729930,2,56,264,1,24,0,6,9,0,0,1,0
703696148,2,57,264,1,31,1,5,9,0,0,0,0
702838547,2,57,264,1,21,2,0,3,6,2,1,2
702379894,2,57,264,1,1,4,0,0,0,0,0,0
701464146,2,60,264,1,0,0,0,0,0,0,0,0
701053017,2,65,264,1,0,1,0,0,0,0,0,0
700755432,2,60,264,1,0,11,0,1,0,0,0,0
700217622,2,64,264,1,0,1,0,0,0,0,0,0
700124074,2,70,264,1,0,1,0,0,0,0,0,0
699730871,2,59,264,1,0,3,0,0,0,0,0,0
699183428,2,72,264,1,0,4,19,22,0,0,0,0
698743314,2,75,264,1,17,9,23,23,1,8,2,10
698371404,2,59,264,1,2,0,1,1,0,0,0,0
697561929,2,62,264,1,0,6,0,0,0,0,0,0
696824322,2,58,264,1,1,3,0,0,0,0,0,0
695733748,2,58,264,1,13,1,0,0,0,0,0,0
695475403,2,69,264,1,2,0,1,1,0,0,0,0
695364222,2,62,264,1,0,1,0,0,0,0,0,0
695311793,2,63,264,1,0,2,0,0,0,0,0,0
694642008,2,59,264,1,0,0,0,3,0,0,0,0
694639883,2,67,264,1,69,1,30,44,0,0,0,0
694411270,2,56,264,1,0,6,0,1,0,0,0,0
692885089,2,60,264,1,0,0,0,1,0,0,0,0
692210061,2,56,264,1,0,1,1,1,0,0,0,0
691589032,2,62,264,1,1,3,0,0,0,0,0,0
691423989,2,55,264,1,0,0,0,0,0,0,0,0
691400157,2,66,264,1,0,0,2,2,0,0,0,0
691293551,2,66,264,1,0,0,0,0,0,0,0,0
691023264,2,65,264,1,0,2,0,0,0,0,0,0
690527208,2,62,264,1,0,2,0,0,0,0,0,0
690324113,2,55,264,1,0,4,0,0,0,0,0,0
689419052,2,65,264,1,0,3,0,0,0,0,0,0
689354774,2,73,264,1,0,2,0,0,0,0,0,0
688955470,2,56,264,1,0,0,0,0,0,0,0,0
688891691,2,59,264,1,1,0,0,0,0,0,0,0
687907351,2,58,264,1,11,1,0,0,0,0,0,0
687465031,2,55,264,1,0,0,0,0,0,0,0,0
686664628,2,68,264,1,1,0,0,0,1,0,0,0
683399959,2,64,264,1,8,4,0,1,0,0,0,0
682948718,2,70,264,1,0,0,1,1,0,0,0,0
682438503,2,58,264,1,0,0,0,0,0,0,0,0
682211920,2,65,264,1,0,0,1,2,0,0,0,0
681859567,2,58,264,1,5,8,0,0,0,0,0,0
681625375,2,73,264,1,0,0,0,0,0,0,0,0
680330555,2,59,264,1,20,6,1,6,3,0,0,0
679978222,2,58,264,1,3,4,15,20,0,0,0,0
679595530,2,68,264,1,62,4,1,3,0,0,0,0
679091459,2,61,264,1,5,1,68,90,0,0,0,0
679071208,2,76,264,1,5,1,0,0,0,0,0,0
678437738,2,65,264,1,16,2,0,0,0,0,0,0
677964434,2,61,264,1,0,5,0,0,0,0,0,0
676904822,2,69,264,1,1,1,9,14,0,0,0,0
675830731,2,62,264,1,0,1,0,1,0,0,0,0
675732282,2,64,264,1,25,4,4,12,3,4,0,0
675403279,2,58,264,1,16,6,6,15,0,0,0,0
673942489,2,62,264,1,3,0,0,1,0,0,0,0
673817246,2,62,264,1,8,1,0,0,0,0,0,0
673658885,2,64,264,1,86,9,97,123,1,1,1,1
673653322,2,58,264,1,1,1,0,0,0,0,0,0
673604155,2,62,264,1,47,1,3,4,0,0,0,0
673413346,2,65,264,1,0,0,0,0,0,0,0,0
673208164,2,63,264,1,0,1,0,0,0,0,0,0
672867381,2,58,264,1,0,0,0,0,0,0,0,0
672078508,2,55,264,1,16,3,0,1,1,0,1,0
671946207,2,58,264,1,2,2,0,0,0,0,0,0
671519882,2,59,264,1,0,2,0,0,0,0,0,0
669085795,2,72,264,1,4,1,0,0,0,0,0,0
668880398,2,56,264,1,44,14,2,4,1,0,0,0
668850664,2,55,264,1,0,0,0,0,0,0,0,0
668573759,2,62,264,1,0,0,0,1,1,0,3,0
667987837,2,56,264,1,0,1,0,0,0,0,0,0
667917923,2,65,264,1,2,0,1,2,0,0,0,0
667559652,2,62,264,1,0,2,9,19,0,0,0,0
667327599,2,62,264,1,2,5,0,0,0,0,0,0
666611790,2,70,264,1,0,1,0,0,0,0,0,0
665907576,2,60,264,1,14,0,3,6,0,0,0,0
664172430,2,60,264,1,2,2,0,1,0,0,0,0
663593185,2,73,264,1,3,2,10,10,0,0,0,0
661723291,2,56,264,1,0,3,0,2,0,0,0,0
661405958,2,70,264,1,0,0,0,0,0,0,0,0
661347708,2,71,264,1,0,1,0,0,0,0,0,0
660220514,2,66,264,1,0,1,0,0,0,0,0,0
659636826,2,60,264,1,0,7,1,1,0,0,0,0
659627495,2,60,264,1,1,6,1,1,0,0,0,0
658942262,2,59,264,1,0,1,0,0,0,0,0,0
658077179,2,55,264,1,0,5,0,0,0,0,0,0
658022189,2,60,264,1,62,7,3,5,0,0,0,0
657991505,2,62,264,1,0,1,0,0,0,0,0,0
657610307,2,76,264,1,2,1,0,0,0,0,0,0
657055081,2,64,264,1,17,9,24,30,0,0,0,0
656673341,2,55,264,1,0,0,0,0,0,0,0,0
655702950,2,57,264,1,0,1,0,0,0,0,0,0
653469625,2,68,264,1,1,1,4,6,0,0,0,0
653354524,2,56,264,1,4,0,0,0,0,0,0,0
652166774,2,69,264,1,0,1,1,3,0,0,0,0
651926211,2,57,264,1,6,2,2,2,0,0,0,0
651334305,2,62,264,1,6,4,0,0,0,0,0,0
651074119,2,56,264,1,0,1,0,0,0,0,0,0
650939660,2,60,264,1,0,1,0,0,0,0,0,0
650911745,2,64,264,1,0,1,0,0,0,0,0,0
650523652,2,62,264,1,0,0,0,0,0,0,0,0
649114931,2,73,264,1,0,0,0,0,0,0,0,0
649024890,2,82,264,1,0,0,0,0,0,0,0,0
648958451,2,66,264,1,0,1,1,1,0,0,0,0
648621583,2,60,264,1,17,1,6,7,0,0,0,0
647372436,2,59,264,1,0,3,0,0,0,0,0,0
647337245,2,59,264,1,0,0,0,1,0,0,0,0
647322411,2,59,264,1,0,0,0,0,0,0,0,0
646596138,2,66,264,1,4,2,2,3,0,0,0,0
646496519,2,65,264,1,5,6,1,3,0,0,0,0
646460510,2,64,264,1,10,5,9,11,0,0,0,0
646151371,2,58,264,1,0,0,0,0,0,0,0,0
645576764,2,67,264,1,3,10,0,0,0,0,0,0
645511587,2,58,264,1,0,0,0,0,0,0,0,0
645255800,2,55,264,1,0,4,0,1,0,0,0,0
645229323,2,64,264,1,5,2,0,0,0,0,0,0
645189927,2,88,264,1,4,4,0,1,0,0,0,0
645105826,2,63,264,1,0,2,0,0,0,0,0,0
644048774,2,57,264,1,0,0,0,0,0,0,0,0
643834912,2,71,264,1,2,0,3,3,0,0,0,0
643476985,2,58,264,1,0,0,0,0,0,0,0,0
642860829,2,64,264,1,2,3,3,6,0,0,0,0
642853328,2,58,264,1,0,2,2,3,0,0,0,0
642604574,2,56,264,1,0,2,0,0,0,0,0,0
642426739,2,56,264,1,0,3,0,0,0,0,0,0
642215067,2,62,264,1,0,0,0,0,0,0,0,0
642196956,2,58,264,1,4,4,0,1,0,0,0,0
642119707,2,55,264,1,0,0,0,0,0,0,0,0
641984802,2,63,264,1,0,1,0,0,0,0,0,0
641116663,2,56,264,1,0,0,0,0,0,0,0,0
641012928,2,70,264,1,1,6,2,3,0,0,0,0
640921972,2,59,264,1,64,14,1,1,0,0,0,0
640389379,2,75,264,1,0,0,0,0,0,0,0,0
640144430,2,63,264,1,0,1,0,0,0,0,0,0
640119830,2,68,264,1,63,1,96,137,81,30,17,20
639967267,2,62,264,1,2,1,0,0,0,0,0,0
639482011,2,58,264,1,17,1,1,3,0,0,0,0
639257414,2,68,264,1,8,2,0,0,0,0,0,0
639091348,2,78,264,1,0,1,0,0,0,0,0,0
637665145,2,56,264,1,0,0,0,2,0,0,0,0
636997930,2,58,264,1,0,0,0,0,0,0,0,0
636645613,2,56,264,1,1,0,0,2,0,0,0,0
636627367,2,59,264,1,45,4,6,14,1,0,0,0
635875007,2,67,264,1,0,2,1,2,0,0,0,0
635859145,2,64,264,1,0,1,1,2,0,0,0,0
635496699,2,64,264,1,0,3,0,0,0,0,0,0
634830236,2,66,264,1,31,23,8,11,4,9,0,0
634765086,2,61,264,1,0,0,0,0,0,0,0,0
634675728,2,61,264,1,1,10,0,1,0,0,0,0
634470794,2,64,264,1,0,0,0,2,0,0,0,0
634048870,2,64,264,1,12,4,0,0,0,0,0,0
633781752,2,58,151,1,59,3,60,73,5,33,3,14
633293823,2,68,264,1,0,0,0,0,0,0,0,0
632948628,2,61,264,1,0,4,0,0,0,0,0,0
632913938,2,61,264,1,13,5,2,2,0,0,0,0
632560535,2,61,264,1,1,11,0,0,0,0,0,0
632532286,2,73,264,1,0,1,2,2,0,0,0,0
632153843,2,62,264,1,89,14,45,53,8,1,0,0
631979320,2,73,264,1,0,1,0,0,0,0,0,0
631941604,2,70,264,1,4,2,0,0,0,0,0,0
631844042,2,69,264,1,0,1,1,1,0,0,0,0
631536136,2,61,264,1,0,2,0,0,0,0,0,0
630913525,2,71,264,1,0,0,0,0,0,0,0,0
630791900,2,58,264,1,0,0,0,0,0,0,0,0
629835018,2,56,264,1,0,0,0,0,0,0,0,0
629594006,2,76,264,1,0,2,0,0,0,0,0,0
629352175,2,55,264,1,0,0,0,0,0,0,0,0
629333839,2,55,264,1,0,0,3,3,0,0,0,0
629229904,2,61,264,1,0,2,347,622,0,0,0,0
628814850,2,60,264,1,0,2,3,3,0,0,0,0
628400868,2,61,264,1,0,1,0,0,0,0,0,0
627506140,2,62,264,1,0,0,0,0,0,0,0,0
627095675,2,55,264,1,0,0,0,0,0,0,0,0
626632606,2,55,264,1,3,4,7,11,0,0,0,0
626463356,2,55,264,1,0,3,7,10,0,0,0,0
626251015,2,61,264,1,1,2,0,0,0,0,0,0
626102626,2,71,264,1,0,0,0,0,0,0,0,0
626072419,2,56,264,1,127,16,1,2,1,0,0,0
625669967,2,60,264,1,0,1,0,0,0,0,0,0
625345458,2,62,264,1,0,2,0,0,0,0,0,0
625247818,2,68,264,1,0,0,0,0,0,0,0,0
624920400,2,59,264,1,0,28,0,0,0,0,0,0
624866641,2,63,264,1,0,3,1,1,0,0,0,0
624617533,2,60,264,1,0,2,0,0,0,0,0,0
624616066,2,66,264,1,2,2,0,1,0,0,0,0
623601852,2,57,264,1,25,6,0,0,0,0,0,0
622510095,2,57,264,1,0,0,1,3,0,0,0,0
621968038,2,62,264,1,3,1,4,13,0,0,0,0
621890778,2,71,264,1,1,1,0,0,0,0,0,0
621570815,2,61,264,1,56,7,2,4,1,19,1,19
621492948,2,68,264,1,0,0,0,0,0,0,0,0
621234687,2,57,264,1,0,0,0,1,0,0,0,0
621115892,2,60,264,1,59,5,4,4,0,0,0,0
620570104,2,81,264,1,2,0,3,3,0,0,0,0
620431699,2,55,264,1,0,1,0,0,0,0,0,0
620174568,2,59,264,1,0,0,0,0,0,0,0,0
619972447,2,71,264,1,2,0,0,0,0,0,0,0
619426526,2,81,264,1,0,0,0,0,0,0,0,0
618644115,2,59,264,1,0,0,1,1,0,0,0,0
618416700,2,60,264,1,0,0,1,1,0,0,0,0
618323334,2,62,264,1,0,0,0,0,0,0,0,0
618318196,2,67,264,1,23,5,11,54,1,0,0,0
617928752,2,60,264,1,0,0,2,3,0,0,0,0
617829822,2,68,264,1,3,1,1,3,0,0,0,0
617569096,2,65,264,1,0,4,0,0,0,0,0,0
617536729,2,58,264,1,0,1,0,0,0,0,0,0
617450244,2,67,264,1,0,0,0,2,0,0,0,0
616955300,2,67,264,1,0,0,0,0,0,0,0,0
615752769,2,63,264,1,4,0,5,22,0,0,0,0
615639194,2,59,264,1,77,14,14,19,0,0,0,0
615489458,2,57,264,1,27,8,13,17,1,0,0,0
615477832,2,71,264,1,1,3,0,0,0,0,0,0
615159031,2,56,264,1,1,3,23,32,0,0,0,0
614915028,2,59,264,1,4,4,1,2,4,3,10,4
614141007,2,56,264,1,0,4,0,0,0,0,0,0
613614901,2,64,264,1,0,0,1,2,0,0,0,0
613277736,2,64,264,1,1,3,0,0,0,0,0,0
613143568,2,62,264,1,0,0,0,0,0,0,0,0
612028575,2,70,264,1,3,0,0,1,0,0,0,0
611375437,2,66,264,1,0,1,0,0,0,0,0,0
611271636,2,57,264,1,1,4,2,6,0,0,0,0
611165870,2,61,264,1,1,6,2,2,0,0,0,0
610793719,2,68,264,1,0,1,0,0,0,0,0,0
610479934,2,67,264,1,1,0,0,0,0,0,0,0
610402726,2,62,264,1,1,2,1,3,0,0,0,0
609568017,2,58,264,1,169,8,0,0,1,0,0,0
609306066,2,56,264,1,0,0,0,0,0,0,0,0
608974273,2,56,264,1,0,0,0,0,0,0,0,0
608205857,2,56,264,1,0,1,0,0,0,0,0,0
608060154,2,57,264,1,103,15,36,59,9,211,33,302
607442271,2,61,264,1,1,1,0,0,0,0,0,0
607085930,2,55,264,1,11,4,1,2,0,0,0,0
606560002,2,57,264,1,32,2,12,18,0,0,0,0
605275194,2,59,264,1,0,1,0,0,0,0,0,0
605023818,2,57,264,1,2,11,1,4,0,0,0,0
603483260,2,64,264,1,0,0,0,0,0,0,0,0
602908079,2,55,264,1,0,0,0,0,0,0,0,0
602666950,2,55,264,1,1,0,0,5,0,0,0,0
602454898,2,62,264,1,0,2,9,13,0,0,0,0
601536004,2,71,264,1,0,0,0,1,0,0,0,0
600102549,2,60,264,1,0,7,0,1,0,0,0,0
599689975,2,62,264,1,0,1,0,0,0,0,0,0
599585226,2,57,264,1,1,1,1,1,0,0,0,0
599437940,2,58,264,1,0,1,0,0,0,0,0,0
598184599,2,60,264,1,0,5,2,2,0,0,0,0
596740531,2,57,264,1,18,8,13,13,0,0,0,0
596286319,2,59,264,1,2,2,0,0,0,0,0,0
596266879,2,56,264,1,49,9,25,26,0,0,0,0
596222410,2,59,264,1,0,0,0,0,0,0,0,0
595777506,2,59,264,1,0,0,0,0,0,0,0,0
595673881,2,65,264,1,0,2,0,0,0,0,0,0
595452520,2,56,264,1,2,2,2,2,0,0,0,0
595218452,2,55,264,1,10,3,1,2,0,0,0,0
595201100,2,73,264,1,0,0,0,0,0,0,0,0
595052725,2,61,264,1,0,2,0,0,0,0,0,0
594979679,2,60,264,1,24,9,17,26,4,0,0,0
594331108,2,65,264,1,16,6,0,1,0,0,0,0
594233880,2,76,264,1,11,5,0,0,0,0,0,0
594227663,2,62,264,1,0,2,0,0,0,0,0,0
594145384,2,72,264,1,0,2,1,1,0,0,0,0
593713279,2,71,264,1,4,8,0,0,0,0,0,0
593278795,2,55,264,1,1,1,2,2,0,0,0,0
593098494,2,68,264,1,7,8,5,10,0,0,0,0
592662274,2,74,264,1,0,1,0,1,0,0,0,0
592638355,2,68,264,1,0,0,0,1,0,0,0,0
592264102,2,68,264,1,0,0,0,0,39,1,0,0
592264068,2,80,264,1,0,1,0,0,0,0,0,0
591935047,2,69,264,1,6,5,0,2,0,0,0,0
591861461,2,62,264,1,0,0,0,0,0,0,0,0
591763901,2,56,151,1,0,0,0,0,0,0,0,0
591581021,2,56,264,1,39,7,2,8,1,1,0,0
590987719,2,63,264,1,13,1,1,2,0,0,0,0
590868203,2,61,264,1,0,1,0,0,0,0,0,0
590801199,2,66,264,1,15,4,19,24,0,0,0,0
590578987,2,69,264,1,9,0,2,4,0,0,0,0
590132985,2,57,264,1,0,1,0,2,0,0,0,0
590073183,2,63,264,1,0,0,0,0,1,0,1,0
589921584,2,64,264,1,1,4,0,0,0,0,0,0
589847021,2,69,264,1,4,0,0,0,0,0,0,0
589667318,2,56,264,1,97,2,16,19,0,0,0,0
589505635,2,77,264,1,0,2,0,0,0,0,0,0
589110198,2,57,264,1,0,0,0,0,0,0,0,0
588728325,2,78,264,1,0,3,11,13,0,0,0,0
587929429,2,63,264,1,0,0,0,0,0,0,0,0
587696370,2,61,264,1,41,4,3,7,0,0,0,0
587587559,2,76,264,1,1,0,0,0,0,0,0,0
587304373,2,83,264,1,4,0,0,0,0,0,0,0
587159432,2,68,264,1,0,0,0,0,0,0,0,0
587003777,2,56,264,1,3,0,0,0,0,0,0,0
586834571,2,62,264,1,0,1,0,2,0,0,0,0
586344389,2,61,264,1,1,4,0,0,0,0,0,0
586128490,2,56,264,1,0,1,3,3,0,0,0,0
585267998,2,70,264,1,2,1,0,0,0,0,0,0
585136212,2,56,264,1,2,4,1,1,0,0,0,0
585054972,2,57,264,1,0,0,0,0,0,0,0,0
585052646,2,65,264,1,0,0,0,0,0,0,0,0
584454043,2,56,264,1,0,2,0,0,0,0,0,0
583803079,2,56,264,1,0,0,1,1,0,0,0,0
583683644,2,65,264,1,0,0,1,3,0,0,0,0
583396019,2,57,264,1,2,1,0,0,0,0,0,0
583148200,2,59,264,1,0,2,0,1,0,0,0,0
583032474,2,58,264,1,16,3,0,1,0,0,0,0
583012413,2,60,264,1,29,5,15,25,1,0,0,0
582899475,2,57,264,1,0,1,0,0,0,0,0,0
582499593,2,62,264,1,154,17,100,126,2,0,0,0
582162013,2,60,264,1,0,0,0,1,0,0,0,0
581821504,2,57,264,1,1,10,0,0,1,1,1,1
581726664,2,63,264,1,3,0,0,0,0,0,0,0
581392269,2,58,264,1,0,1,0,0,0,0,0,0
581119924,2,63,264,1,6,3,0,2,0,0,0,0
581001656,2,76,264,1,0,1,0,0,0,0,0,0
580832430,2,56,264,1,7,6,0,0,0,0,0,0
580645968,2,57,264,1,18,9,7,11,0,0,0,0
580365305,2,63,264,1,1,2,3,3,0,0,0,0
580344201,2,77,264,1,0,1,0,0,0,0,0,0
580302015,2,72,264,1,40,8,5,12,0,0,0,0
579683262,2,77,264,1,0,0,0,0,0,0,0,0
579682346,2,60,264,1,1,1,1,3,0,0,0,0
579506036,2,59,264,1,49,29,42,69,0,0,0,0
579414411,2,63,264,1,0,1,0,0,0,0,0,0
579356557,2,57,264,1,10,25,12,16,0,0,0,0
578834879,2,81,264,1,0,0,0,0,0,0,0,0
578705431,2,63,264,1,0,1,0,0,0,0,0,0
578524292,2,68,264,1,0,1,0,0,0,0,0,0
578410167,2,63,264,1,0,0,0,0,0,0,0,0
577715775,2,58,264,1,19,7,45,54,1,0,0,0
577635884,2,55,264,1,76,0,3,5,0,0,1,3
577438590,2,62,264,1,0,1,0,0,0,0,0,0
577342313,2,57,264,1,0,0,1,1,0,0,0,0
576959960,2,70,264,1,0,1,3,4,0,0,0,0
576895422,2,60,264,1,26,22,1,1,0,0,0,0
576586057,2,55,264,1,17,3,61,91,1,1,0,0
576451121,2,62,264,1,63,1,55,70,4,0,0,0
576135769,2,66,264,1,15,6,1,2,0,0,0,0
575552474,2,55,264,1,1,1,0,1,0,0,0,0
575385495,2,65,264,1,1,1,2,2,0,0,0,0
575103700,2,62,264,1,0,1,0,0,0,0,0,0
392861135,2,55,264,1,648,1815,14,52,0,0,0,0
431153220,2,66,264,1,26,838,94,123,1,1,24,2
232253334,2,56,264,1,247,111,554,903,100,5,32,40
592908165,2,55,264,1,59,33,2,3,0,0,0,0
350152321,2,55,264,1,8758,4916,96,657,100,664,100,49
180969686,2,59,264,1,181,115,159,261,100,168,100,531
588358680,2,58,264,1,20,22,5,5,0,0,0,0
732978134,2,72,264,1,29,12,0,0,1,15,1,15
581884171,2,71,264,1,234,17,12,12,3,1,0,0
475312287,2,63,264,1,61,38,15,26,6,8,1,0
681163633,2,63,264,1,38,14,4,5,7,101,12,114
638219130,2,63,264,1,3,13,0,0,0,0,0,0
168523849,2,83,151,1,97,133,88,134,0,0,0,0
534579803,2,55,264,1,160,16,176,238,4,120,19,412
706839808,2,69,264,1,30,13,0,1,0,0,0,0
101157290,2,56,264,1,125,52,88,136,1,4,0,0
65353671,2,58,264,1,620,109,193,530,99,358,100,490
233158524,2,60,264,1,53,45,379,491,32,46,1,24
77698489,2,57,264,1,112,114,61,94,3,70,5,75
434674835,2,64,264,1,76,27,387,485,0,0,0,0
519793062,2,59,264,1,134,15,7,13,1,1,0,0
582628438,2,70,264,1,36,10,5,8,3,38,4,39
538096451,2,61,264,1,9,13,8,11,0,0,0,0
262214195,2,63,264,1,91,32,8,18,1,0,1,2
356147832,2,57,264,1,131,18,2,8,2,0,0,0
190934091,2,62,264,1,149,122,17,80,0,0,0,0
190175871,2,55,264,1,190,32,27,50,6,78,4,76
190284911,2,62,264,1,54,27,11,19,66,3,0,0
429984065,2,56,264,1,17,19,27,59,0,0,0,0
165501068,2,60,264,1,74,25,17,27,0,0,0,0
122297968,2,56,264,1,41,39,6,16,0,0,0,0
226456238,2,57,264,1,17,21,37,55,0,0,0,0
233655299,2,64,264,1,29,22,23,28,2,0,0,0
187656627,2,66,264,1,57,32,27,40,0,0,0,0
532853578,2,60,264,1,21,10,78,180,9,0,0,0
246232835,2,55,264,1,23,18,5,19,0,0,0,0
169991884,2,65,264,1,27,32,37,167,0,0,0,0
210246582,2,66,264,1,50,23,39,73,6,4,1,4
120161682,2,57,264,1,48,54,12,22,5,0,0,0
252159034,2,56,264,1,106,28,208,265,3,1,1,1
328697200,2,57,264,1,10,28,2,3,0,0,0,0
505100795,2,66,264,1,2,12,16,31,1,0,0,0
439484054,2,59,264,1,35,19,4,7,0,0,0,0
703323012,2,60,264,1,5,6,0,2,0,0,0,0
655658073,2,57,264,1,31,5,17,26,0,0,0,0
245750039,2,55,264,1,106,16,26,46,3,64,3,64
294445037,2,61,264,1,71,20,55,80,0,0,0,0
186285885,2,56,264,1,183,27,28,83,20,53,4,50
573300653,2,58,135,1,44,14,338,709,6,9,1,4
592379737,2,68,264,1,34,6,10,14,2,9,1,9
180355968,2,57,151,1,8480,4994,7,16,25,204,0,0
741874956,2,65,264,1,17,2,1,5,2,8,2,9
568877714,2,56,264,1,20,9,2,5,0,0,0,0
525172938,2,64,264,1,29,7,57,65,0,0,2,0
286526024,2,57,264,1,74,22,6,12,0,0,0,0
90936821,2,55,264,1,47,31,11,28,0,0,0,0
416705759,2,55,264,1,217,12,34,47,1,5,2,12
139570266,2,56,264,1,9,17,23,37,0,0,0,0
116607549,2,60,264,1,115,42,26,52,33,2,0,0
468391144,2,64,264,1,37,15,13,31,3,1,0,0
404531053,2,60,264,1,131,12,6,12,4,3,0,0
173257735,2,56,264,1,81,44,3,6,0,0,0,0
640814261,2,69,264,1,29,5,5,6,1,0,0,0
107725921,2,66,264,1,63,35,31,44,0,0,0,0
167924051,2,56,264,1,104,20,26,40,0,0,0,0
741591362,2,63,264,1,14,3,0,2,3,0,1,0
169828357,2,61,264,1,126,29,97,163,48,127,30,96
664792756,2,55,264,1,10,3,12,16,0,0,0,0
233012103,2,67,264,1,26,14,4,10,0,0,0,0
169884982,2,59,264,1,75,30,27,78,0,0,0,0
11715599,2,65,264,1,80,43,148,540,0,0,0,0
311792036,2,65,264,1,142,18,21,36,1,9,1,10
166729623,2,66,264,1,64,19,12,18,0,0,0,0
519635652,2,63,264,1,8,9,1,2,0,0,0,0
267399610,2,66,264,1,55,17,2,5,16,4,0,0
176931109,2,61,264,1,61,36,64,101,0,0,0,0
164746423,2,67,264,1,73,13,85,173,1,0,0,0
527172411,2,63,264,1,6,6,6,21,1,0,1,0
659412588,2,71,264,1,9,4,0,0,0,0,0,0
40718838,2,60,264,1,48,25,8,30,0,0,0,0
198896922,2,56,264,1,73,23,9,26,0,0,0,0
327314194,2,61,264,1,46,84,1,1,1,0,0,0
158142837,2,75,264,1,108,27,85,105,0,0,0,0
300653628,2,64,264,1,128,27,15,30,1,0,0,0
548536687,2,55,264,1,6,5,2,4,0,0,0,0
275846276,2,59,264,1,38,19,52,78,7,4,8,4
203085008,2,55,264,1,60,36,107,164,0,0,0,0
746979613,2,60,264,1,6,3,1,2,0,0,1,0
507499075,2,59,264,1,9,11,4,7,0,0,0,0
480069126,2,58,264,1,40,16,4,5,0,0,0,0
20413120,2,58,264,1,50,26,32,77,13,11,1,6
30114168,2,57,151,1,402,75,71,180,0,0,0,0
253147673,2,56,264,1,27,10,1,1,0,0,0,0
630669880,2,56,264,1,48,26,2,2,0,0,0,0
231281583,2,65,264,1,36,10,31,43,0,0,0,0
511524283,2,58,264,1,19,8,75,110,0,0,0,0
234868393,2,57,135,1,133,11,266,405,4,5,1,2
528225440,2,59,264,1,6,3,1,3,0,0,0,0
183423415,2,68,264,1,53,21,20,50,0,0,0,0
373154556,2,64,264,1,57,10,4,7,0,0,0,0
186324474,2,57,264,1,53,18,4,12,0,0,0,0
434483770,2,55,264,1,2397,14,18,198,0,0,0,0
209536736,2,56,264,1,29,10,14,32,0,0,0,0
384808568,2,60,264,1,28,12,3,3,6,26,5,25
234998431,2,100,264,1,28,23,14,22,38,13,2,8
5258552,2,66,264,1,27,34,3,10,0,0,0,0
169294421,2,70,264,1,155,17,35,56,0,0,0,0
154276694,2,71,264,1,37,21,7,18,0,0,0,0
80698488,2,57,264,1,23,11,9,36,37,21,1,0
568178994,2,70,264,1,68,1,6,11,2,0,0,0
178953410,2,57,264,1,37,30,27,39,0,0,0,0
234193377,2,61,264,1,24,31,41,52,1,0,0,0
131996076,2,65,264,1,95,15,4,7,6,45,6,45
347145527,2,55,264,1,1202,20,50,98,6,339,42,664
447984012,2,61,264,1,10,7,0,0,0,0,0,0
208820518,2,55,264,1,74,8,53,73,4,21,6,66
249187546,2,57,264,1,13,14,0,0,0,0,0,0
754528358,2,65,264,1,12,2,5,9,1,3,1,3
549490195,2,64,264,1,6,1,2,2,1,0,0,0
151691194,2,66,264,1,72,13,7,21,1,0,0,0
244313852,2,58,151,1,71,36,12,15,1,0,0,0
737605363,2,56,264,1,29,2,1,4,1,7,1,7
523983201,2,71,264,1,2,4,3,9,0,0,0,0
8390134,2,59,264,1,20,13,0,2,0,0,0,0
279394219,2,57,264,1,53,51,110,183,0,0,0,0
209756936,2,62,264,1,65,9,39,60,1,0,0,0
206867564,2,68,264,1,61,23,5,10,0,0,0,0
10197603,2,62,151,1,1281,53,166,344,100,9284,100,4619
164279820,2,55,264,1,27,9,1,2,0,0,0,0
191609020,2,63,264,1,70,53,114,380,2,2,0,0
534237187,2,57,264,1,3,3,7,10,0,0,0,0
195489640,2,70,264,1,46,20,25,33,2,0,0,0
241552762,2,74,264,1,29,7,5,7,0,0,0,0
128830470,2,66,264,1,25,24,1,4,0,0,0,0
36096294,2,57,151,1,56,39,3,11,2,18,0,0
342655967,2,60,264,1,47,22,4,9,0,0,0,0
398671145,2,68,151,1,1,1,6,65,0,0,0,0
279850805,2,64,264,1,87,9,103,141,0,0,0,0
445509426,2,55,264,1,22,11,4,9,0,0,0,0
482882271,2,57,151,1,8,14,4,4,0,0,0,0
344333134,2,74,264,1,14,11,9,11,0,0,0,0
118218504,2,61,264,1,106,9,6,23,0,0,0,0
316930304,2,77,264,1,6,10,0,1,0,0,1,27
193877487,2,62,264,1,84,8,26,97,0,0,0,0
580360884,2,59,264,1,27,3,0,0,0,0,0,0
166757036,2,67,264,1,232,8,80,132,100,119,0,0
395044066,2,66,264,1,39,8,21,35,0,0,0,0
193738589,2,56,264,1,125,24,3,8,0,0,0,0
364492051,2,69,264,1,7,6,0,0,0,0,0,0
219962180,2,60,264,1,51,13,3,11,0,0,0,0
294601887,2,56,264,1,22,13,4,9,0,0,0,0
344732923,2,65,264,1,51,13,148,186,10,5,0,0
518054247,2,62,264,1,7,1,5,9,0,0,0,0
523424985,2,62,264,1,26,3,0,0,0,0,0,0
553846822,2,73,264,1,12,2,19,26,1,1,0,0
528204434,2,56,264,1,35,0,3,10,16,15,8,15
497028364,2,79,264,1,2,5,10,10,0,0,0,0
440295316,2,67,264,1,236,5,35,58,99,35,0,0
322088623,2,55,264,1,24,7,4,12,4,5,1,3
431611089,2,63,264,1,29,5,23,30,0,0,0,0
218220087,2,63,264,1,22,32,26,39,0,0,0,0
292567430,2,100,264,1,79,10,66,86,1,17,0,0
516270410,2,61,264,1,2,2,14,19,0,0,0,0
158070034,2,59,264,1,32,10,0,3,0,0,0,0
183846334,2,57,264,1,38,8,42,48,3,1,0,0
489254931,2,62,264,1,20,3,9,10,0,0,0,0
307237959,2,60,264,1,2,6,7,9,0,0,0,0
431892380,2,63,264,1,1,1,18,26,0,0,0,0
190846926,2,55,264,1,9,1,22,42,0,0,0,0
282774170,2,65,264,1,64,9,5,11,2,1,0,0
453938799,2,72,264,1,30,5,2,2,0,0,0,0
303030799,2,57,264,1,10,2,18,26,0,0,0,0
192020486,2,68,264,1,26,8,3,4,0,0,0,0
235205955,2,65,264,1,84,48,137,675,0,0,0,0
171163355,2,66,264,1,12,7,4,6,1,1,0,0
24887291,2,62,264,1,44,15,13,24,19,15,0,0
14493891,2,62,264,1,52,10,14,26,1,4,26,103
150949746,2,68,264,1,106,37,33,67,1,0,0,0
179193737,2,63,264,1,31,4,30,72,0,0,0,0
106918873,2,68,264,1,13,12,1,2,0,0,0,0
351323464,2,73,264,1,75,2,131,149,0,0,0,0
513783151,2,68,264,1,1,6,2,2,2,0,1,0
280584113,2,71,264,1,5,13,18,29,0,0,1,0
134764290,2,65,264,1,57,6,31,44,0,0,0,0
140100826,2,72,264,1,543,0,7,69,7,2,3,2
352592456,2,64,264,1,2,2,19,24,3,0,2,0
160173675,2,67,264,1,574,22,13,42,3,0,0,0
3887322,2,71,151,1,19,18,2,6,0,0,0,0
483219524,2,61,264,1,1,5,4,5,0,0,0,0
305299825,2,81,264,1,110,2,96,151,90,60,6,47
214622028,2,70,264,1,22,23,7,19,0,0,0,0
269964170,2,62,264,1,12,8,1,2,3,3,2,2
295363180,2,65,264,1,34,34,1,4,0,0,0,0
17081748,2,64,264,1,45,12,0,5,1,0,0,0
162687906,2,59,135,1,69,17,5,17,1,0,0,0
366384839,2,67,264,1,12,10,8,18,100,0,0,0
26208950,2,66,264,1,58,14,4,7,1,0,0,0
182447216,2,59,264,1,15,9,1,4,0,0,0,0
741726170,2,57,264,1,1,1,0,0,1,0,1,0
341524179,2,71,151,1,14,10,6,8,0,0,0,0
283777096,2,60,264,1,44,9,5,16,0,0,0,0
21186460,2,65,264,1,56,14,6,15,0,0,0,0
210863663,2,62,264,1,11,8,1,15,0,0,0,0
358435799,2,55,264,1,43,22,46,71,13,1,0,0
247513854,2,60,264,1,3,7,1,3,0,0,0,0
249764387,2,68,264,1,2,6,1,2,0,0,0,0
659965483,2,63,264,1,2,1,1,2,0,0,0,0
347468365,2,59,264,1,22,1,6,8,0,0,0,0
269639997,2,76,264,1,24,4,6,14,5,0,0,0
232597337,2,71,264,1,33,6,1,2,0,0,0,0
415744365,2,57,264,1,2,3,8,9,0,0,0,0
31231283,2,62,264,1,10,12,12,116,1,2,1,2
194541192,2,55,264,1,18,8,13,25,0,0,0,0
183444086,2,72,264,1,20,9,1,1,0,0,0,0
250759635,2,79,151,1,75,22,3,13,0,0,0,0
139802161,2,60,264,1,160,8,50,111,7,7,0,0
156677648,2,63,135,1,6,10,0,1,0,0,0,0
163637602,2,57,264,1,159,33,4,71,0,0,0,0
407286018,2,62,264,1,19,2,13,16,0,0,0,0
302758698,2,63,264,1,15,10,18,23,0,0,0,0
187727879,2,67,264,1,7,24,1,1,0,0,0,0
296483677,2,57,264,1,20,8,3,12,0,0,0,0
121282790,2,67,264,1,66,16,1,12,0,0,0,0
534583359,2,72,264,1,17,1,27,35,0,0,0,0
478359007,2,59,264,1,26,3,32,38,1,0,0,0
141891793,2,67,264,1,70,21,2,4,2,0,0,0
340219820,2,71,264,1,14,5,0,0,0,0,0,0
241269083,2,70,264,1,6,5,3,6,1,0,0,0
482399479,2,72,264,1,9,3,0,2,0,0,0,0
391387582,2,55,264,1,1469,8,4,45,0,0,0,0
460644188,2,64,264,1,2,3,12,14,0,0,0,0
269981607,2,57,264,1,25,2,1,4,0,0,0,0
252105887,2,55,264,1,42,4,4,8,0,0,0,0
252675916,2,57,264,1,171,1,601,1060,9,48,15,29
400894630,2,73,264,1,5,9,35,49,0,0,0,0
586351600,2,72,264,1,1,1,0,0,0,0,0,0
458494037,2,66,264,1,29,1,4,4,0,0,0,0
145285608,2,61,264,1,64,6,41,49,0,0,0,0
328884905,2,58,264,1,14,9,3,5,0,0,0,0
330469163,2,66,264,1,20,1,5,6,0,0,0,0
195590288,2,79,264,1,16,5,0,0,0,0,0,0
40376724,2,57,264,1,266,24,6,21,4,38,1,9
175317331,2,63,264,1,74,6,8,28,0,0,0,0
463640755,2,83,264,1,11,1,25,41,0,0,0,0
752058653,2,59,264,1,4,5,8,10,1,0,0,0
268573800,2,55,264,1,32,15,1,9,0,0,0,0
498317621,2,66,264,1,13,6,2,8,0,0,0,0
309014449,2,56,264,1,4,5,1,2,0,0,0,0
132208500,2,66,264,1,21,21,39,157,0,0,0,0
216808798,2,66,264,1,97,7,6,7,1,0,0,0
217846018,2,66,264,1,15,9,0,4,0,0,0,0
233511079,2,63,264,1,22,9,11,11,0,0,0,0
171193956,2,57,264,1,9,2,1,5,0,0,0,0
167874447,2,70,264,1,23,9,4,8,0,0,0,0
196038144,2,66,264,1,5,2,0,0,0,0,0,0
142719153,2,55,264,1,58,47,20,33,1,2,1,0
619355936,2,94,264,1,1,0,1,1,1,0,4,0
198518551,2,68,264,1,246,13,15,34,1,0,0,0
230104727,2,66,264,1,2,6,16,22,0,0,0,0
164613650,2,56,264,1,5,4,2,4,0,0,0,0
11617584,2,71,264,1,6,5,17,130,3,1,5,1
222830761,2,67,264,1,55,2,9,28,2,0,0,0
132459910,2,63,264,1,7,5,2,3,0,0,0,0
178209000,2,72,264,1,30,19,4,9,0,0,0,0
300911813,2,63,264,1,2,3,0,0,0,0,0,0
164993404,2,71,264,1,11,3,0,2,0,0,0,0
546883259,2,61,264,1,1,1,0,0,0,0,0,0
592294749,2,56,264,1,10,6,1,1,0,0,0,0
179095178,2,72,264,1,31,5,2,6,1,1,0,0
162227126,2,67,264,1,55,15,16,29,6,26,2,26
224952716,2,70,264,1,21,5,2,16,0,0,0,0
142617165,2,62,264,1,9,7,2,3,0,0,0,0
209982742,2,63,264,1,95,10,0,0,0,0,0,0
250074588,2,66,264,1,0,3,2,3,0,0,0,0
166459496,2,71,264,1,34,7,1,3,0,0,0,0
233045745,2,68,264,1,7,1,5,11,0,0,0,0
204884700,2,68,135,1,6,2,1,2,0,0,0,0
333153293,2,83,264,1,1,2,25,34,0,0,0,0
164518813,2,75,264,1,68,4,2,13,1,0,0,0
145122246,2,64,264,1,33,5,1,3,0,0,0,0
512418235,2,66,264,1,19,3,53,73,0,0,0,0
180407284,2,55,264,1,8,2,1,3,0,0,0,0
356566708,2,63,264,1,44,12,9,19,0,0,0,0
230895414,2,56,264,1,27,4,4,9,0,0,0,0
709108219,2,59,264,1,24,0,20,29,0,0,0,0
10904385,2,60,264,1,51,6,0,2,0,0,0,0
156078568,2,56,264,1,21,4,0,6,0,0,0,0
143546408,2,60,264,1,10,5,35,60,100,2,1,1
237644398,2,61,264,1,126,14,19,22,1,0,0,0
192740186,2,67,264,1,16,2,67,91,0,0,0,0
651034328,2,57,264,1,78,3,52,90,2,0,0,0
236262262,2,71,264,1,17,1,319,357,2,1,0,0
25631886,2,58,264,1,40,21,0,0,0,0,0,0
712894274,2,62,264,1,3,2,2,6,0,0,0,0
201352566,2,58,264,1,3,1,0,0,0,0,0,0
634103374,2,56,264,1,13,2,13,17,0,0,0,0
638950360,2,57,264,1,7,2,0,0,0,0,0,0
250993731,2,66,264,1,4,6,9,11,0,0,0,0
640419038,2,63,264,1,4,2,1,4,0,0,0,0
702095822,2,60,264,1,4,3,4,5,0,0,0,0
684086737,2,55,264,1,2,0,0,0,0,0,0,0
689350396,2,64,264,1,5,2,5,6,0,0,0,0
607340974,2,69,264,1,3,0,0,2,0,0,0,0
696242208,2,72,264,1,1,0,0,0,0,0,0,0
484099810,2,57,264,1,9,0,0,1,0,0,0,0
120348739,2,68,264,1,28,3,2,9,0,0,0,0
194132958,2,66,264,1,5,0,4,5,0,0,0,0
142999747,2,63,151,1,2,0,1,1,0,0,0,0
460197430,2,57,264,1,1,0,1,1,0,0,0,0
597538065,2,61,264,1,11,0,0,0,1,0,0,0
737324494,2,57,264,1,2,1,0,0,0,0,0,0
695484724,2,55,264,1,4,1,0,0,0,0,0,0
661550267,2,59,264,1,2,2,0,0,0,0,0,0
599572072,2,65,264,1,22,0,12,14,0,0,0,0
690661106,2,63,264,1,1,0,1,1,0,0,0,0
591196884,2,62,264,1,2,0,0,2,0,0,0,0
692237552,2,66,264,1,2,0,16,21,0,0,0,0
688069158,2,68,264,1,2,0,1,3,0,0,0,0
634103455,2,58,264,1,1,0,0,0,0,0,0,0
713864272,2,63,264,1,1,0,0,1,0,0,0,0
